group_id,location_id,assigned_shelter_id,group_size,assignment_status,was_first_choice,failure_reason
N1701,N1701,CS_128,50,assigned,False,
N680,N680,CS_83,50,assigned,True,
N879,N879,CS_110,50,assigned,True,
N1285,N1285,CS_3,50,assigned,True,
N1257,N1257,CS_52,50,assigned,True,
N668,N668,CS_118,50,assigned,True,
N1497,N1497,CS_3,50,assigned,False,
N711,N711,CS_115,50,assigned,True,
N649,N649,CS_79,50,assigned,False,
N264,N264,CS_43,50,assigned,True,
N1391,N1391,CS_36,50,assigned,False,
N1907,N1907,CS_40,50,assigned,True,
N686,N686,CS_76,50,assigned,True,
N1657,N1657,CS_33,50,assigned,False,
N1399,N1399,CS_49,50,assigned,False,
N344,N344,CS_57,50,assigned,False,
N1707,N1707,CS_132,50,assigned,True,
N1001,N1001,CS_119,50,assigned,False,
N1679,N1679,CS_6,50,assigned,False,
N750,N750,CS_127,50,assigned,True,
N1129,N1129,CS_127,50,assigned,False,
N1930,N1930,CS_75,50,assigned,True,
N1849,N1849,CS_3,50,assigned,False,
N476,N476,CS_58,50,assigned,False,
N48,N48,CS_77,50,assigned,True,
N338,N338,CS_58,50,assigned,False,
N1376,N1376,CS_36,50,assigned,False,
N931,N931,CS_127,50,assigned,True,
N397,N397,CS_41,50,assigned,True,
N801,N801,CS_131,50,assigned,True,
N343,N343,CS_41,50,assigned,False,
N1782,N1782,CS_106,50,assigned,False,
N1108,N1108,CS_135,50,assigned,False,
N434,N434,CS_38,50,assigned,False,
N863,N863,CS_69,50,assigned,False,
N1929,N1929,CS_39,50,assigned,True,
N1397,N1397,CS_49,50,assigned,False,
N865,N865,CS_33,50,assigned,False,
N1653,N1653,CS_33,50,assigned,False,
N600,N600,CS_32,50,assigned,False,
N1565,N1565,CS_3,50,assigned,False,
N503,N503,CS_58,50,assigned,True,
N1677,N1677,CS_6,50,assigned,False,
N1142,N1142,CS_147,50,assigned,False,
N906,N906,CS_114,50,assigned,False,
N248,N248,CS_43,50,assigned,False,
N724,N724,CS_154,50,assigned,False,
N321,N321,CS_27,50,assigned,True,
N167,N167,CS_36,50,assigned,False,
N1862,N1862,CS_52,50,assigned,False,
N1819,N1819,CS_150,50,assigned,True,
N1726,N1726,CS_96,50,assigned,False,
N1739,N1739,CS_127,50,assigned,False,
N1553,N1553,CS_49,50,assigned,False,
N1562,N1562,CS_57,50,assigned,False,
N704,N704,CS_112,50,assigned,False,
N787,N787,CS_135,50,assigned,False,
N316,N316,CS_38,50,assigned,False,
N1738,N1738,CS_130,50,assigned,True,
N946,N946,CS_84,50,assigned,False,
N775,N775,CS_128,50,assigned,False,
N187,N187,CS_49,50,assigned,True,
N1743,N1743,CS_129,50,assigned,True,
N673,N673,CS_152,50,assigned,False,
N1407,N1407,CS_36,50,assigned,True,
N717,N717,CS_112,50,assigned,True,
N1817,N1817,CS_155,50,assigned,False,
N1796,N1796,CS_147,50,assigned,True,
N908,N908,CS_115,50,assigned,True,
N681,N681,CS_83,50,assigned,True,
N986,N986,CS_97,50,assigned,False,
N240,N240,CS_57,50,assigned,False,
N1931,N1931,CS_63,50,assigned,True,
N291,N291,CS_44,50,assigned,True,
N91,N91,CS_32,50,assigned,False,
N1126,N1126,CS_117,50,assigned,False,
N744,N744,CS_142,50,assigned,True,
N913,N913,CS_127,50,assigned,False,
N732,N732,CS_127,50,assigned,False,
N1255,N1255,CS_3,50,assigned,False,
N1727,N1727,CS_97,50,assigned,True,
N1387,N1387,CS_38,50,assigned,True,
N1419,N1419,CS_57,50,assigned,False,
N347,N347,CS_41,50,assigned,False,
N199,N199,CS_49,50,assigned,False,
N1578,N1578,CS_33,50,assigned,False,
N392,N392,CS_49,50,assigned,False,
N269,N269,CS_43,50,assigned,False,
N1299,N1299,CS_52,50,assigned,False,
N718,N718,CS_119,50,assigned,True,
N1797,N1797,CS_147,50,assigned,False,
N1092,N1092,CS_96,50,assigned,False,
N1769,N1769,CS_130,50,assigned,True,
N1925,N1925,CS_36,50,assigned,False,
N915,N915,CS_127,50,assigned,False,
N778,N778,CS_131,50,assigned,False,
N987,N987,CS_135,50,assigned,False,
N576,N576,CS_33,50,assigned,False,
N1900,N1900,CS_40,50,assigned,False,
N710,N710,CS_118,50,assigned,False,
N578,N578,CS_33,50,assigned,False,
N598,N598,CS_6,50,assigned,True,
N878,N878,CS_120,50,assigned,False,
N672,N672,CS_152,50,assigned,False,
N1876,N1876,CS_72,50,assigned,True,
N1865,N1865,CS_3,50,assigned,False,
N1781,N1781,CS_135,50,assigned,False,
N735,N735,CS_114,50,assigned,False,
N1284,N1284,CS_3,50,assigned,True,
N898,N898,CS_144,50,assigned,False,
N1375,N1375,CS_38,50,assigned,False,
N755,N755,CS_115,50,assigned,False,
N477,N477,CS_58,50,assigned,False,
N709,N709,CS_117,50,assigned,False,
N977,N977,CS_33,50,assigned,False,
N1383,N1383,CS_36,50,assigned,False,
N1706,N1706,CS_135,50,assigned,False,
N1713,N1713,CS_110,50,assigned,True,
N1400,N1400,CS_38,50,assigned,False,
N1501,N1501,CS_2,50,assigned,False,
N810,N810,CS_135,50,assigned,True,
N771,N771,CS_149,50,assigned,True,
N478,N478,CS_58,50,assigned,False,
N435,N435,CS_36,50,assigned,False,
N103,N103,CS_6,50,assigned,False,
N725,N725,CS_76,50,assigned,False,
N279,N279,CS_60,50,assigned,False,
N150,N150,CS_3,50,assigned,False,
N1398,N1398,CS_49,50,assigned,False,
N272,N272,CS_60,50,assigned,True,
N1256,N1256,CS_52,50,assigned,True,
N258,N258,CS_43,50,assigned,False,
N733,N733,CS_127,50,assigned,False,
N1236,N1236,CS_28,50,assigned,True,
N730,N730,CS_127,50,assigned,False,
N1641,N1641,CS_43,50,assigned,False,
N601,N601,CS_32,50,assigned,False,
N734,N734,CS_154,50,assigned,False,
N973,N973,CS_69,50,assigned,False,
N988,N988,CS_128,50,assigned,False,
N315,N315,CS_38,50,assigned,False,
N864,N864,CS_33,50,assigned,False,
N1389,N1389,CS_36,50,assigned,False,
N274,N274,CS_60,50,assigned,False,
N1408,N1408,CS_49,50,assigned,False,
N1420,N1420,CS_57,50,assigned,False,
N372,N372,CS_38,50,assigned,False,
N847,N847,CS_153,50,assigned,False,
N482,N482,CS_58,50,assigned,False,
N687,N687,CS_95,50,assigned,True,
N1114,N1114,CS_108,50,assigned,False,
N120,N120,CS_58,50,assigned,False,
N502,N502,CS_58,50,assigned,True,
N1014,N1014,CS_113,50,assigned,True,
N60,N60,CS_77,50,assigned,True,
N849,N849,CS_106,50,assigned,True,
N729,N729,CS_120,50,assigned,False,
N657,N657,CS_144,50,assigned,False,
N632,N632,CS_155,50,assigned,True,
N194,N194,CS_49,50,assigned,False,
N1592,N1592,CS_2,50,assigned,False,
N577,N577,CS_33,50,assigned,False,
N47,N47,CS_77,50,assigned,True,
N907,N907,CS_112,50,assigned,False,
N579,N579,CS_33,50,assigned,False,
N1017,N1017,CS_153,50,assigned,True,
N583,N583,CS_33,50,assigned,False,
N562,N562,CS_33,50,assigned,True,
N185,N185,CS_66,50,assigned,False,
N575,N575,CS_33,50,assigned,False,
N346,N346,CS_41,50,assigned,False,
N1416,N1416,CS_65,50,assigned,False,
N1486,N1486,CS_143,50,assigned,True,
N935,N935,CS_137,50,assigned,True,
N355,N355,CS_43,50,assigned,False,
N748,N748,CS_114,50,assigned,True,
N785,N785,CS_135,50,assigned,False,
N1718,N1718,CS_84,50,assigned,True,
N293,N293,CS_3,50,assigned,False,
N62,N62,CS_79,50,assigned,False,
N1392,N1392,CS_36,50,assigned,False,
N1388,N1388,CS_38,50,assigned,True,
N655,N655,CS_118,50,assigned,True,
N914,N914,CS_127,50,assigned,False,
N690,N690,CS_110,50,assigned,True,
N684,N684,CS_76,50,assigned,True,
N788,N788,CS_125,50,assigned,False,
N580,N580,CS_33,50,assigned,False,
N411,N411,CS_36,50,assigned,False,
N472,N472,CS_58,50,assigned,False,
N268,N268,CS_43,50,assigned,False,
N1717,N1717,CS_152,50,assigned,True,
N1370,N1370,CS_40,50,assigned,True,
N518,N518,CS_43,50,assigned,False,
N1254,N1254,CS_3,50,assigned,False,
N707,N707,CS_145,50,assigned,True,
N739,N739,CS_151,50,assigned,False,
N1045,N1045,CS_83,50,assigned,False,
N486,N486,CS_58,50,assigned,False,
N247,N247,CS_43,50,assigned,False,
N1373,N1373,CS_38,50,assigned,False,
N506,N506,CS_58,50,assigned,True,
N1537,N1537,CS_49,50,assigned,False,
N196,N196,CS_49,50,assigned,False,
N670,N670,CS_117,50,assigned,False,
N173,N173,CS_64,50,assigned,False,
N932,N932,CS_151,50,assigned,False,
N1106,N1106,CS_111,50,assigned,False,
N603,N603,CS_32,50,assigned,False,
N1395,N1395,CS_36,50,assigned,False,
N719,N719,CS_119,50,assigned,False,
N267,N267,CS_43,50,assigned,False,
N738,N738,CS_156,50,assigned,True,
N134,N134,CS_3,50,assigned,False,
N479,N479,CS_16,50,assigned,True,
N743,N743,CS_154,50,assigned,False,
N1298,N1298,CS_52,50,assigned,False,
N1852,N1852,CS_52,50,assigned,True,
N807,N807,CS_123,50,assigned,True,
N1112,N1112,CS_69,50,assigned,False,
N553,N553,CS_41,50,assigned,False,
N1211,N1211,CS_32,50,assigned,False,
N1235,N1235,CS_34,50,assigned,False,
N1188,N1188,CS_80,50,assigned,False,
N1064,N1064,CS_135,50,assigned,False,
N1385,N1385,CS_51,50,assigned,False,
N176,N176,CS_49,50,assigned,True,
N358,N358,CS_60,50,assigned,True,
N633,N633,CS_155,50,assigned,True,
N715,N715,CS_114,50,assigned,True,
N809,N809,CS_134,50,assigned,False,
N1384,N1384,CS_38,50,assigned,True,
N713,N713,CS_112,50,assigned,True,
N1074,N1074,CS_146,50,assigned,True,
N873,N873,CS_147,50,assigned,True,
N599,N599,CS_6,50,assigned,True,
N563,N563,CS_33,50,assigned,True,
N169,N169,CS_36,50,assigned,True,
N1617,N1617,CS_13,50,assigned,False,
N662,N662,CS_98,50,assigned,False,
N224,N224,CS_41,50,assigned,True,
N741,N741,CS_84,50,assigned,False,
N574,N574,CS_33,50,assigned,False,
N1044,N1044,CS_115,50,assigned,True,
N398,N398,CS_57,50,assigned,False,
N548,N548,CS_43,50,assigned,False,
N356,N356,CS_43,50,assigned,False,
N902,N902,CS_83,50,assigned,False,
N1099,N1099,CS_144,50,assigned,True,
N728,N728,CS_142,50,assigned,False,
N1277,N1277,CS_52,50,assigned,False,
N740,N740,CS_154,50,assigned,True,
N1077,N1077,CS_130,50,assigned,True,
N1029,N1029,CS_147,50,assigned,False,
N1406,N1406,CS_36,50,assigned,False,
N410,N410,CS_29,50,assigned,False,
N942,N942,CS_131,50,assigned,False,
N1258,N1258,CS_3,50,assigned,False,
N1631,N1631,CS_60,50,assigned,False,
N1860,N1860,CS_52,50,assigned,False,
N483,N483,CS_19,50,assigned,False,
N627,N627,CS_6,50,assigned,False,
N784,N784,CS_133,50,assigned,False,
N1291,N1291,CS_52,50,assigned,True,
N904,N904,CS_76,50,assigned,True,
N780,N780,CS_135,50,assigned,False,
N1011,N1011,CS_141,50,assigned,False,
N88,N88,CS_32,50,assigned,False,
N58,N58,CS_77,50,assigned,True,
N763,N763,CS_151,50,assigned,False,
N1390,N1390,CS_51,50,assigned,False,
N225,N225,CS_41,50,assigned,False,
N656,N656,CS_152,50,assigned,True,
N1143,N1143,CS_147,50,assigned,False,
N774,N774,CS_128,50,assigned,False,
N177,N177,CS_49,50,assigned,True,
N110,N110,CS_58,50,assigned,True,
N812,N812,CS_135,50,assigned,True,
N1005,N1005,CS_127,50,assigned,True,
N354,N354,CS_43,50,assigned,False,
N758,N758,CS_120,50,assigned,False,
N174,N174,CS_27,50,assigned,True,
N1015,N1015,CS_113,50,assigned,True,
N249,N249,CS_43,50,assigned,False,
N779,N779,CS_151,50,assigned,True,
N921,N921,CS_131,50,assigned,True,
N1411,N1411,CS_49,50,assigned,True,
N560,N560,CS_33,50,assigned,False,
N1016,N1016,CS_119,50,assigned,False,
N815,N815,CS_133,50,assigned,False,
N1728,N1728,CS_149,50,assigned,False,
N1478,N1478,CS_77,50,assigned,True,
N880,N880,CS_110,50,assigned,True,
N581,N581,CS_33,50,assigned,False,
N1414,N1414,CS_39,50,assigned,True,
N487,N487,CS_26,50,assigned,False,
N1356,N1356,CS_40,50,assigned,False,
N590,N590,CS_32,50,assigned,False,
N901,N901,CS_111,50,assigned,True,
N190,N190,CS_64,50,assigned,False,
N314,N314,CS_38,50,assigned,False,
N1283,N1283,CS_3,50,assigned,False,
N742,N742,CS_114,50,assigned,True,
N1369,N1369,CS_40,50,assigned,True,
N582,N582,CS_33,50,assigned,False,
N1082,N1082,CS_137,50,assigned,False,
N1910,N1910,CS_51,50,assigned,False,
N348,N348,CS_43,50,assigned,False,
N424,N424,CS_33,50,assigned,True,
N1530,N1530,CS_60,50,assigned,False,
N519,N519,CS_43,50,assigned,False,
N602,N602,CS_6,50,assigned,True,
N623,N623,CS_6,50,assigned,False,
N792,N792,CS_161,50,assigned,False,
N669,N669,CS_83,50,assigned,True,
N638,N638,CS_78,50,assigned,True,
N884,N884,CS_113,50,assigned,True,
N1511,N1511,CS_36,50,assigned,False,
N118,N118,CS_3,50,assigned,False,
N712,N712,CS_115,50,assigned,True,
N239,N239,CS_57,50,assigned,False,
N180,N180,CS_49,50,assigned,False,
N1386,N1386,CS_38,50,assigned,True,
N869,N869,CS_32,50,assigned,False,
N1085,N1085,CS_133,50,assigned,True,
N1393,N1393,CS_51,50,assigned,False,
N917,N917,CS_120,50,assigned,True,
N105,N105,CS_47,50,assigned,False,
N530,N530,CS_61,50,assigned,False,
N1415,N1415,CS_75,50,assigned,True,
N756,N756,CS_156,50,assigned,True,
N183,N183,CS_49,50,assigned,False,
N782,N782,CS_128,50,assigned,False,
N691,N691,CS_118,50,assigned,True,
N198,N198,CS_29,50,assigned,False,
N357,N357,CS_43,50,assigned,False,
N1028,N1028,CS_147,50,assigned,True,
N1583,N1583,CS_51,50,assigned,True,
N250,N250,CS_57,50,assigned,False,
N772,N772,CS_161,50,assigned,False,
N349,N349,CS_43,50,assigned,False,
N1251,N1251,CS_3,50,assigned,False,
N701,N701,CS_112,50,assigned,False,
N480,N480,CS_13,50,assigned,True,
N184,N184,CS_49,50,assigned,False,
N193,N193,CS_36,50,assigned,False,
N1374,N1374,CS_38,50,assigned,False,
N1276,N1276,CS_37,50,assigned,False,
N997,N997,CS_154,50,assigned,False,
N1018,N1018,CS_131,50,assigned,True,
N910,N910,CS_111,50,assigned,False,
N1733,N1733,CS_119,50,assigned,False,
N1932,N1932,CS_57,50,assigned,False,
N1696,N1696,CS_142,50,assigned,True,
N789,N789,CS_149,50,assigned,False,
N270,N270,CS_43,50,assigned,False,
N1093,N1093,CS_96,50,assigned,False,
N727,N727,CS_76,50,assigned,False,
N1130,N1130,CS_127,50,assigned,True,
N1145,N1145,CS_147,50,assigned,False,
N871,N871,CS_32,50,assigned,False,
N552,N552,CS_41,50,assigned,False,
N549,N549,CS_43,50,assigned,False,
N974,N974,CS_69,50,assigned,False,
N1187,N1187,CS_79,50,assigned,False,
N760,N760,CS_84,50,assigned,False,
N700,N700,CS_145,50,assigned,True,
N1090,N1090,CS_114,50,assigned,True,
N1403,N1403,CS_36,50,assigned,True,
N161,N161,CS_45,50,assigned,False,
N262,N262,CS_57,50,assigned,False,
N1841,N1841,CS_30,50,assigned,False,
N1604,N1604,CS_16,50,assigned,False,
N793,N793,CS_135,50,assigned,False,
N1075,N1075,CS_146,50,assigned,True,
N1046,N1046,CS_151,50,assigned,True,
N1823,N1823,CS_93,50,assigned,True,
N80,N80,CS_32,50,assigned,True,
N1655,N1655,CS_104,50,assigned,False,
N626,N626,CS_6,50,assigned,False,
N1618,N1618,CS_19,50,assigned,False,
N561,N561,CS_33,50,assigned,False,
N1712,N1712,CS_102,50,assigned,False,
N909,N909,CS_117,50,assigned,False,
N1307,N1307,CS_74,50,assigned,False,
N1212,N1212,CS_6,50,assigned,False,
N195,N195,CS_29,50,assigned,False,
N737,N737,CS_156,50,assigned,True,
N181,N181,CS_66,50,assigned,False,
N111,N111,CS_42,50,assigned,False,
N726,N726,CS_141,50,assigned,False,
N1023,N1023,CS_110,50,assigned,True,
N1367,N1367,CS_38,50,assigned,False,
N848,N848,CS_69,50,assigned,False,
N781,N781,CS_138,50,assigned,True,
N1654,N1654,CS_104,50,assigned,False,
N1795,N1795,CS_139,50,assigned,True,
N113,N113,CS_3,50,assigned,False,
N473,N473,CS_58,50,assigned,False,
N1405,N1405,CS_36,50,assigned,False,
N696,N696,CS_118,50,assigned,False,
N920,N920,CS_131,50,assigned,True,
N783,N783,CS_128,50,assigned,False,
N888,N888,CS_80,50,assigned,True,
N1418,N1418,CS_63,50,assigned,True,
N156,N156,CS_3,50,assigned,False,
N182,N182,CS_49,50,assigned,False,
N1591,N1591,CS_26,50,assigned,False,
N905,N905,CS_76,50,assigned,False,
N197,N197,CS_29,50,assigned,False,
N1088,N1088,CS_83,50,assigned,True,
N663,N663,CS_152,50,assigned,True,
N227,N227,CS_41,50,assigned,True,
N367,N367,CS_6,50,assigned,True,
N106,N106,CS_12,50,assigned,False,
N318,N318,CS_36,50,assigned,False,
N1000,N1000,CS_89,50,assigned,False,
N186,N186,CS_65,50,assigned,False,
N350,N350,CS_43,50,assigned,False,
N1396,N1396,CS_38,50,assigned,False,
N1025,N1025,CS_141,50,assigned,False,
N622,N622,CS_24,50,assigned,False,
N1580,N1580,CS_51,50,assigned,False,
N797,N797,CS_133,50,assigned,True,
N722,N722,CS_142,50,assigned,False,
N245,N245,CS_41,50,assigned,False,
N63,N63,CS_78,50,assigned,True,
N798,N798,CS_125,50,assigned,False,
N178,N178,CS_49,50,assigned,True,
N1047,N1047,CS_127,50,assigned,False,
N875,N875,CS_147,50,assigned,False,
N492,N492,CS_13,50,assigned,True,
N471,N471,CS_16,50,assigned,False,
N570,N570,CS_33,50,assigned,False,
N1089,N1089,CS_115,50,assigned,False,
N107,N107,CS_28,50,assigned,True,
N1684,N1684,CS_79,50,assigned,False,
N1065,N1065,CS_149,50,assigned,False,
N342,N342,CS_41,50,assigned,False,
N1084,N1084,CS_135,50,assigned,False,
N659,N659,CS_117,50,assigned,False,
N1290,N1290,CS_70,50,assigned,False,
N1190,N1190,CS_69,50,assigned,False,
N1272,N1272,CS_52,50,assigned,False,
N1904,N1904,CS_36,50,assigned,False,
N263,N263,CS_57,50,assigned,False,
N166,N166,CS_51,50,assigned,False,
N1215,N1215,CS_12,50,assigned,True,
N368,N368,CS_30,50,assigned,False,
N868,N868,CS_32,50,assigned,False,
N1107,N1107,CS_112,50,assigned,False,
N246,N246,CS_57,50,assigned,False,
N769,N769,CS_161,50,assigned,False,
N624,N624,CS_6,50,assigned,False,
N1125,N1125,CS_155,50,assigned,False,
N716,N716,CS_95,50,assigned,False,
N114,N114,CS_3,50,assigned,False,
N790,N790,CS_133,50,assigned,True,
N1282,N1282,CS_3,50,assigned,False,
N1355,N1355,CS_40,50,assigned,False,
N1579,N1579,CS_51,50,assigned,True,
N802,N802,CS_151,50,assigned,False,
N1839,N1839,CS_44,50,assigned,False,
N1038,N1038,CS_131,50,assigned,False,
N874,N874,CS_139,50,assigned,False,
N968,N968,CS_91,50,assigned,False,
N996,N996,CS_111,50,assigned,False,
N1808,N1808,CS_125,50,assigned,True,
N179,N179,CS_49,50,assigned,False,
N1013,N1013,CS_113,50,assigned,True,
N536,N536,CS_43,50,assigned,False,
N1813,N1813,CS_156,50,assigned,True,
N751,N751,CS_114,50,assigned,True,
N1417,N1417,CS_75,50,assigned,True,
N243,N243,CS_43,50,assigned,False,
N108,N108,CS_34,50,assigned,False,
N628,N628,CS_24,50,assigned,False,
N1413,N1413,CS_39,50,assigned,True,
N1704,N1704,CS_122,50,assigned,True,
N481,N481,CS_19,50,assigned,False,
N1171,N1171,CS_121,50,assigned,False,
N453,N453,CS_2,50,assigned,False,
N319,N319,CS_27,50,assigned,True,
N1404,N1404,CS_38,50,assigned,False,
N425,N425,CS_102,50,assigned,True,
N1274,N1274,CS_37,50,assigned,False,
N151,N151,CS_3,50,assigned,False,
N911,N911,CS_120,50,assigned,False,
N1926,N1926,CS_38,50,assigned,False,
N591,N591,CS_32,50,assigned,False,
N1918,N1918,CS_38,50,assigned,False,
N1605,N1605,CS_26,50,assigned,False,
N244,N244,CS_57,50,assigned,False,
N276,N276,CS_60,50,assigned,False,
N736,N736,CS_115,50,assigned,False,
N484,N484,CS_13,50,assigned,True,
N1412,N1412,CS_36,50,assigned,False,
N698,N698,CS_118,50,assigned,False,
N1273,N1273,CS_45,50,assigned,False,
N1820,N1820,CS_91,50,assigned,True,
N572,N572,CS_104,50,assigned,False,
N872,N872,CS_147,50,assigned,False,
N1076,N1076,CS_130,50,assigned,True,
N1110,N1110,CS_137,50,assigned,False,
N507,N507,CS_58,50,assigned,True,
N648,N648,CS_144,50,assigned,False,
N1024,N1024,CS_110,50,assigned,True,
N818,N818,CS_134,50,assigned,False,
N1213,N1213,CS_12,50,assigned,True,
N252,N252,CS_23,50,assigned,False,
N699,N699,CS_87,50,assigned,False,
N1314,N1314,CS_72,50,assigned,True,
N345,N345,CS_41,50,assigned,False,
N814,N814,CS_123,50,assigned,True,
N277,N277,CS_60,50,assigned,False,
N919,N919,CS_142,50,assigned,True,
N1921,N1921,CS_8,50,assigned,True,
N1259,N1259,CS_50,50,assigned,True,
N1866,N1866,CS_70,50,assigned,False,
N1083,N1083,CS_121,50,assigned,True,
N1582,N1582,CS_51,50,assigned,True,
N1647,N1647,CS_33,50,assigned,True,
N723,N723,CS_141,50,assigned,False,
N1656,N1656,CS_102,50,assigned,False,
N1394,N1394,CS_51,50,assigned,False,
N1244,N1244,CS_52,50,assigned,False,
N625,N625,CS_30,50,assigned,False,
N1109,N1109,CS_122,50,assigned,True,
N984,N984,CS_113,50,assigned,False,
N926,N926,CS_98,50,assigned,False,
N538,N538,CS_43,50,assigned,False,
N953,N953,CS_97,50,assigned,False,
N373,N373,CS_37,50,assigned,False,
N1610,N1610,CS_16,50,assigned,False,
N1361,N1361,CS_49,50,assigned,True,
N764,N764,CS_127,50,assigned,True,
N544,N544,CS_57,50,assigned,False,
N1902,N1902,CS_40,50,assigned,True,
N843,N843,CS_108,50,assigned,False,
N817,N817,CS_134,50,assigned,False,
N571,N571,CS_69,50,assigned,False,
N768,N768,CS_120,50,assigned,False,
N280,N280,CS_61,50,assigned,False,
N866,N866,CS_102,50,assigned,True,
N1306,N1306,CS_74,50,assigned,False,
N702,N702,CS_152,50,assigned,False,
N1368,N1368,CS_38,50,assigned,False,
N1683,N1683,CS_117,50,assigned,False,
N640,N640,CS_80,50,assigned,False,
N689,N689,CS_83,50,assigned,True,
N951,N951,CS_96,50,assigned,False,
N1035,N1035,CS_110,50,assigned,True,
N804,N804,CS_132,50,assigned,False,
N322,N322,CS_29,50,assigned,False,
N641,N641,CS_144,50,assigned,True,
N749,N749,CS_154,50,assigned,False,
N1217,N1217,CS_6,50,assigned,False,
N1851,N1851,CS_50,50,assigned,True,
N568,N568,CS_104,50,assigned,False,
N948,N948,CS_84,50,assigned,False,
N1901,N1901,CS_40,50,assigned,False,
N705,N705,CS_112,50,assigned,False,
N1216,N1216,CS_28,50,assigned,False,
N839,N839,CS_106,50,assigned,False,
N573,N573,CS_33,50,assigned,False,
N882,N882,CS_80,50,assigned,False,
N1181,N1181,CS_135,50,assigned,True,
N1774,N1774,CS_119,50,assigned,False,
N1872,N1872,CS_45,50,assigned,False,
N493,N493,CS_19,50,assigned,False,
N644,N644,CS_144,50,assigned,True,
N1281,N1281,CS_3,50,assigned,False,
N331,N331,CS_41,50,assigned,False,
N1364,N1364,CS_1,50,assigned,False,
N1012,N1012,CS_149,50,assigned,True,
N923,N923,CS_97,50,assigned,False,
N1308,N1308,CS_72,50,assigned,True,
N851,N851,CS_153,50,assigned,False,
N287,N287,CS_24,50,assigned,True,
N1091,N1091,CS_119,50,assigned,False,
N1867,N1867,CS_70,50,assigned,False,
N1609,N1609,CS_26,50,assigned,False,
N629,N629,CS_44,50,assigned,False,
N806,N806,CS_132,50,assigned,False,
N1640,N1640,CS_23,50,assigned,False,
N606,N606,CS_32,50,assigned,False,
N1140,N1140,CS_139,50,assigned,False,
N630,N630,CS_34,50,assigned,False,
N1526,N1526,CS_43,50,assigned,False,
N1450,N1450,CS_2,50,assigned,False,
N1250,N1250,CS_52,50,assigned,False,
N1691,N1691,CS_76,50,assigned,False,
N813,N813,CS_123,50,assigned,False,
N149,N149,CS_3,50,assigned,False,
N292,N292,CS_46,50,assigned,False,
N301,N301,CS_45,50,assigned,True,
N537,N537,CS_23,50,assigned,False,
N1002,N1002,CS_145,50,assigned,True,
N278,N278,CS_60,50,assigned,False,
N470,N470,CS_58,50,assigned,False,
N1338,N1338,CS_68,50,assigned,True,
N157,N157,CS_70,50,assigned,False,
N1922,N1922,CS_36,50,assigned,False,
N320,N320,CS_64,50,assigned,False,
N265,N265,CS_57,50,assigned,False,
N540,N540,CS_43,50,assigned,False,
N271,N271,CS_61,50,assigned,False,
N520,N520,CS_41,50,assigned,False,
N1252,N1252,CS_52,50,assigned,False,
N171,N171,CS_63,50,assigned,False,
N912,N912,CS_142,50,assigned,False,
N387,N387,CS_41,50,assigned,False,
N721,N721,CS_111,50,assigned,True,
N903,N903,CS_118,50,assigned,False,
N671,N671,CS_152,50,assigned,True,
N767,N767,CS_151,50,assigned,True,
N353,N353,CS_23,50,assigned,False,
N266,N266,CS_57,50,assigned,False,
N1517,N1517,CS_41,50,assigned,True,
N485,N485,CS_13,50,assigned,True,
N414,N414,CS_66,50,assigned,False,
N379,N379,CS_35,50,assigned,False,
N1219,N1219,CS_12,50,assigned,True,
N421,N421,CS_47,50,assigned,False,
N940,N940,CS_134,50,assigned,True,
N867,N867,CS_69,50,assigned,False,
N714,N714,CS_145,50,assigned,False,
N305,N305,CS_3,50,assigned,True,
N1315,N1315,CS_74,50,assigned,False,
N642,N642,CS_80,50,assigned,True,
N695,N695,CS_89,50,assigned,True,
N545,N545,CS_43,50,assigned,False,
N341,N341,CS_19,50,assigned,True,
N939,N939,CS_123,50,assigned,False,
N255,N255,CS_23,50,assigned,False,
N539,N539,CS_57,50,assigned,False,
N203,N203,CS_35,50,assigned,False,
N652,N652,CS_117,50,assigned,False,
N242,N242,CS_41,50,assigned,False,
N954,N954,CS_87,50,assigned,True,
N330,N330,CS_57,50,assigned,True,
N925,N925,CS_95,50,assigned,False,
N918,N918,CS_142,50,assigned,True,
N1666,N1666,CS_6,50,assigned,True,
N858,N858,CS_108,50,assigned,False,
N941,N941,CS_134,50,assigned,True,
N653,N653,CS_80,50,assigned,False,
N1194,N1194,CS_88,50,assigned,False,
N1607,N1607,CS_16,50,assigned,False,
N238,N238,CS_43,50,assigned,False,
N862,N862,CS_99,50,assigned,False,
N261,N261,CS_23,50,assigned,False,
N409,N409,CS_49,50,assigned,True,
N1652,N1652,CS_103,50,assigned,True,
N1128,N1128,CS_146,50,assigned,True,
N1214,N1214,CS_30,50,assigned,False,
N1667,N1667,CS_24,50,assigned,False,
N256,N256,CS_43,50,assigned,False,
N1192,N1192,CS_150,50,assigned,True,
N889,N889,CS_78,50,assigned,False,
N786,N786,CS_138,50,assigned,False,
N1280,N1280,CS_45,50,assigned,False,
N135,N135,CS_50,50,assigned,False,
N1914,N1914,CS_51,50,assigned,False,
N1788,N1788,CS_81,50,assigned,True,
N927,N927,CS_113,50,assigned,False,
N1869,N1869,CS_37,50,assigned,False,
N1642,N1642,CS_41,50,assigned,False,
N922,N922,CS_128,50,assigned,False,
N1625,N1625,CS_57,50,assigned,False,
N822,N822,CS_93,50,assigned,False,
N803,N803,CS_135,50,assigned,True,
N282,N282,CS_60,50,assigned,False,
N452,N452,CS_2,50,assigned,False,
N1243,N1243,CS_70,50,assigned,True,
N98,N98,CS_32,50,assigned,False,
N631,N631,CS_28,50,assigned,False,
N1695,N1695,CS_83,50,assigned,True,
N115,N115,CS_3,50,assigned,False,
N541,N541,CS_23,50,assigned,False,
N1275,N1275,CS_37,50,assigned,False,
N720,N720,CS_141,50,assigned,False,
N290,N290,CS_47,50,assigned,False,
N1536,N1536,CS_52,50,assigned,False,
N1218,N1218,CS_44,50,assigned,False,
N567,N567,CS_104,50,assigned,False,
N1346,N1346,CS_40,50,assigned,False,
N200,N200,CS_1,50,assigned,False,
N1309,N1309,CS_65,50,assigned,False,
N1916,N1916,CS_38,50,assigned,True,
N1127,N1127,CS_120,50,assigned,False,
N980,N980,CS_100,50,assigned,False,
N43,N43,CS_77,50,assigned,True,
N1115,N1115,CS_132,50,assigned,False,
N1221,N1221,CS_34,50,assigned,False,
N237,N237,CS_43,50,assigned,False,
N661,N661,CS_113,50,assigned,False,
N1724,N1724,CS_162,50,assigned,True,
N1763,N1763,CS_161,50,assigned,False,
N451,N451,CS_26,50,assigned,False,
N766,N766,CS_127,50,assigned,False,
N205,N205,CS_49,50,assigned,True,
N1193,N1193,CS_94,50,assigned,False,
N745,N745,CS_84,50,assigned,False,
N124,N124,CS_2,50,assigned,False,
N569,N569,CS_33,50,assigned,False,
N1362,N1362,CS_36,50,assigned,False,
N607,N607,CS_6,50,assigned,True,
N731,N731,CS_156,50,assigned,True,
N505,N505,CS_58,50,assigned,True,
N531,N531,CS_61,50,assigned,False,
N158,N158,CS_45,50,assigned,False,
N1182,N1182,CS_151,50,assigned,False,
N1451,N1451,CS_16,50,assigned,False,
N1021,N1021,CS_129,50,assigned,True,
N991,N991,CS_127,50,assigned,False,
N153,N153,CS_70,50,assigned,False,
N1561,N1561,CS_60,50,assigned,False,
N551,N551,CS_23,50,assigned,False,
N204,N204,CS_35,50,assigned,False,
N1449,N1449,CS_2,50,assigned,False,
N1917,N1917,CS_8,50,assigned,False,
N1166,N1166,CS_154,50,assigned,False,
N852,N852,CS_106,50,assigned,True,
N1920,N1920,CS_8,50,assigned,True,
N821,N821,CS_123,50,assigned,False,
N1736,N1736,CS_89,50,assigned,False,
N433,N433,CS_51,50,assigned,True,
N916,N916,CS_120,50,assigned,False,
N1220,N1220,CS_12,50,assigned,True,
N192,N192,CS_1,50,assigned,True,
N805,N805,CS_132,50,assigned,False,
N1100,N1100,CS_116,50,assigned,False,
N995,N995,CS_134,50,assigned,False,
N1880,N1880,CS_72,50,assigned,True,
N429,N429,CS_51,50,assigned,False,
N1172,N1172,CS_140,50,assigned,False,
N116,N116,CS_3,50,assigned,False,
N929,N929,CS_141,50,assigned,False,
N1923,N1923,CS_35,50,assigned,False,
N1144,N1144,CS_90,50,assigned,True,
N407,N407,CS_52,50,assigned,False,
N1339,N1339,CS_68,50,assigned,True,
N566,N566,CS_102,50,assigned,False,
N188,N188,CS_49,50,assigned,False,
N235,N235,CS_57,50,assigned,False,
N254,N254,CS_43,50,assigned,False,
N708,N708,CS_114,50,assigned,True,
N285,N285,CS_24,50,assigned,True,
N950,N950,CS_87,50,assigned,False,
N1119,N1119,CS_111,50,assigned,False,
N257,N257,CS_23,50,assigned,False,
N1009,N1009,CS_133,50,assigned,True,
N1278,N1278,CS_45,50,assigned,False,
N930,N930,CS_149,50,assigned,False,
N1606,N1606,CS_13,50,assigned,True,
N1945,N1945,CS_2,50,assigned,False,
N312,N312,CS_37,50,assigned,False,
N275,N275,CS_61,50,assigned,False,
N857,N857,CS_153,50,assigned,False,
N819,N819,CS_131,50,assigned,False,
N101,N101,CS_30,50,assigned,False,
N564,N564,CS_69,50,assigned,False,
N521,N521,CS_41,50,assigned,False,
N1022,N1022,CS_118,50,assigned,False,
N317,N317,CS_36,50,assigned,True,
N427,N427,CS_38,50,assigned,False,
N1124,N1124,CS_155,50,assigned,False,
N1521,N1521,CS_41,50,assigned,False,
N300,N300,CS_50,50,assigned,False,
N1342,N1342,CS_1,50,assigned,False,
N1772,N1772,CS_137,50,assigned,False,
N1646,N1646,CS_99,50,assigned,False,
N1909,N1909,CS_38,50,assigned,False,
N886,N886,CS_144,50,assigned,False,
N260,N260,CS_57,50,assigned,False,
N820,N820,CS_138,50,assigned,False,
N1168,N1168,CS_145,50,assigned,False,
N202,N202,CS_35,50,assigned,False,
N1602,N1602,CS_19,50,assigned,False,
N1452,N1452,CS_58,50,assigned,False,
N1222,N1222,CS_28,50,assigned,False,
N1253,N1253,CS_70,50,assigned,False,
N952,N952,CS_98,50,assigned,True,
N759,N759,CS_128,50,assigned,False,
N1568,N1568,CS_36,50,assigned,False,
N87,N87,CS_32,50,assigned,False,
N1157,N1157,CS_135,50,assigned,True,
N162,N162,CS_37,50,assigned,False,
N1775,N1775,CS_119,50,assigned,False,
N273,N273,CS_60,50,assigned,False,
N1612,N1612,CS_26,50,assigned,False,
N829,N829,CS_91,50,assigned,True,
N1098,N1098,CS_142,50,assigned,True,
N1714,N1714,CS_113,50,assigned,True,
N949,N949,CS_96,50,assigned,False,
N504,N504,CS_16,50,assigned,False,
N325,N325,CS_49,50,assigned,False,
N837,N837,CS_107,50,assigned,True,
N454,N454,CS_2,50,assigned,False,
N152,N152,CS_52,50,assigned,False,
N89,N89,CS_24,50,assigned,True,
N1200,N1200,CS_93,50,assigned,True,
N1332,N1332,CS_1,50,assigned,False,
N1347,N1347,CS_40,50,assigned,False,
N693,N693,CS_76,50,assigned,False,
N1180,N1180,CS_115,50,assigned,False,
N253,N253,CS_43,50,assigned,False,
N1601,N1601,CS_13,50,assigned,False,
N172,N172,CS_68,50,assigned,False,
N229,N229,CS_41,50,assigned,False,
N306,N306,CS_3,50,assigned,True,
N1118,N1118,CS_117,50,assigned,False,
N1699,N1699,CS_84,50,assigned,False,
N1829,N1829,CS_32,50,assigned,False,
N1105,N1105,CS_94,50,assigned,True,
N294,N294,CS_45,50,assigned,False,
N230,N230,CS_57,50,assigned,False,
N933,N933,CS_125,50,assigned,False,
N1789,N1789,CS_146,50,assigned,True,
N466,N466,CS_19,50,assigned,True,
N746,N746,CS_161,50,assigned,False,
N856,N856,CS_108,50,assigned,False,
N233,N233,CS_41,50,assigned,False,
N1531,N1531,CS_61,50,assigned,False,
N450,N450,CS_26,50,assigned,False,
N972,N972,CS_148,50,assigned,False,
N1358,N1358,CS_40,50,assigned,False,
N1310,N1310,CS_74,50,assigned,False,
N1629,N1629,CS_23,50,assigned,True,
N978,N978,CS_69,50,assigned,True,
N462,N462,CS_19,50,assigned,False,
N489,N489,CS_58,50,assigned,True,
N646,N646,CS_144,50,assigned,True,
N565,N565,CS_103,50,assigned,True,
N251,N251,CS_57,50,assigned,False,
N1915,N1915,CS_8,50,assigned,False,
N1678,N1678,CS_44,50,assigned,False,
N1768,N1768,CS_146,50,assigned,True,
N1102,N1102,CS_97,50,assigned,False,
N754,N754,CS_138,50,assigned,True,
N209,N209,CS_29,50,assigned,False,
N159,N159,CS_70,50,assigned,False,
N1499,N1499,CS_16,50,assigned,False,
N1697,N1697,CS_154,50,assigned,False,
N924,N924,CS_95,50,assigned,False,
N1363,N1363,CS_36,50,assigned,False,
N928,N928,CS_146,50,assigned,False,
N1649,N1649,CS_104,50,assigned,False,
N1853,N1853,CS_50,50,assigned,True,
N558,N558,CS_33,50,assigned,False,
N428,N428,CS_51,50,assigned,False,
N189,N189,CS_27,50,assigned,True,
N1547,N1547,CS_38,50,assigned,False,
N175,N175,CS_49,50,assigned,True,
N1103,N1103,CS_98,50,assigned,False,
N359,N359,CS_60,50,assigned,False,
N934,N934,CS_124,50,assigned,False,
N1665,N1665,CS_6,50,assigned,True,
N1113,N1113,CS_106,50,assigned,False,
N550,N550,CS_23,50,assigned,False,
N303,N303,CS_3,50,assigned,False,
N637,N637,CS_79,50,assigned,False,
N432,N432,CS_51,50,assigned,True,
N191,N191,CS_1,50,assigned,True,
N1425,N1425,CS_68,50,assigned,False,
N146,N146,CS_52,50,assigned,False,
N1832,N1832,CS_34,50,assigned,False,
N1818,N1818,CS_153,50,assigned,False,
N1039,N1039,CS_133,50,assigned,True,
N747,N747,CS_142,50,assigned,True,
N426,N426,CS_51,50,assigned,True,
N1933,N1933,CS_40,50,assigned,False,
N1402,N1402,CS_35,50,assigned,False,
N1899,N1899,CS_36,50,assigned,False,
N1698,N1698,CS_156,50,assigned,True,
N460,N460,CS_13,50,assigned,False,
N1542,N1542,CS_12,50,assigned,False,
N1847,N1847,CS_45,50,assigned,True,
N1864,N1864,CS_3,50,assigned,False,
N1674,N1674,CS_30,50,assigned,False,
N1203,N1203,CS_99,50,assigned,False,
N1279,N1279,CS_45,50,assigned,False,
N378,N378,CS_1,50,assigned,True,
N1780,N1780,CS_112,50,assigned,False,
N1429,N1429,CS_102,50,assigned,False,
N1593,N1593,CS_2,50,assigned,False,
N799,N799,CS_132,50,assigned,False,
N148,N148,CS_70,50,assigned,False,
N81,N81,CS_105,50,assigned,False,
N1638,N1638,CS_43,50,assigned,False,
N1723,N1723,CS_96,50,assigned,False,
N236,N236,CS_41,50,assigned,False,
N1635,N1635,CS_43,50,assigned,False,
N556,N556,CS_103,50,assigned,True,
N1043,N1043,CS_100,50,assigned,False,
N765,N765,CS_114,50,assigned,True,
N1651,N1651,CS_104,50,assigned,False,
N84,N84,CS_24,50,assigned,True,
N1360,N1360,CS_40,50,assigned,True,
N1680,N1680,CS_28,50,assigned,False,
N1608,N1608,CS_26,50,assigned,False,
N890,N890,CS_78,50,assigned,False,
N154,N154,CS_37,50,assigned,False,
N860,N860,CS_106,50,assigned,False,
N455,N455,CS_2,50,assigned,False,
N1003,N1003,CS_89,50,assigned,False,
N396,N396,CS_61,50,assigned,False,
N333,N333,CS_57,50,assigned,False,
N753,N753,CS_128,50,assigned,False,
N323,N323,CS_29,50,assigned,False,
N1735,N1735,CS_95,50,assigned,False,
N994,N994,CS_123,50,assigned,False,
N1753,N1753,CS_151,50,assigned,True,
N800,N800,CS_122,50,assigned,True,
N1634,N1634,CS_23,50,assigned,False,
N1946,N1946,CS_2,50,assigned,False,
N1097,N1097,CS_109,50,assigned,False,
N1245,N1245,CS_52,50,assigned,False,
N1026,N1026,CS_127,50,assigned,True,
N1179,N1179,CS_115,50,assigned,False,
N324,N324,CS_35,50,assigned,False,
N1132,N1132,CS_98,50,assigned,False,
N883,N883,CS_80,50,assigned,False,
N286,N286,CS_32,50,assigned,False,
N1189,N1189,CS_148,50,assigned,False,
N1409,N1409,CS_68,50,assigned,False,
N887,N887,CS_152,50,assigned,False,
N1111,N1111,CS_108,50,assigned,False,
N1311,N1311,CS_75,50,assigned,False,
N488,N488,CS_58,50,assigned,True,
N1010,N1010,CS_130,50,assigned,False,
N431,N431,CS_38,50,assigned,False,
N1919,N1919,CS_38,50,assigned,False,
N1371,N1371,CS_49,50,assigned,False,
N844,N844,CS_107,50,assigned,False,
N281,N281,CS_60,50,assigned,True,
N899,N899,CS_78,50,assigned,False,
N1636,N1636,CS_43,50,assigned,False,
N559,N559,CS_33,50,assigned,False,
N1326,N1326,CS_29,50,assigned,False,
N1870,N1870,CS_37,50,assigned,False,
N109,N109,CS_42,50,assigned,False,
N1350,N1350,CS_1,50,assigned,True,
N757,N757,CS_161,50,assigned,False,
N1906,N1906,CS_51,50,assigned,False,
N1807,N1807,CS_145,50,assigned,False,
N1877,N1877,CS_63,50,assigned,False,
N554,N554,CS_102,50,assigned,False,
N697,N697,CS_79,50,assigned,False,
N675,N675,CS_110,50,assigned,False,
N1570,N1570,CS_66,50,assigned,False,
N201,N201,CS_35,50,assigned,False,
N1095,N1095,CS_87,50,assigned,False,
N846,N846,CS_109,50,assigned,False,
N1830,N1830,CS_44,50,assigned,False,
N92,N92,CS_6,50,assigned,False,
N44,N44,CS_77,50,assigned,True,
N1037,N1037,CS_131,50,assigned,False,
N1947,N1947,CS_16,50,assigned,False,
N676,N676,CS_118,50,assigned,True,
N1131,N1131,CS_111,50,assigned,True,
N761,N761,CS_84,50,assigned,False,
N752,N752,CS_76,50,assigned,False,
N557,N557,CS_105,50,assigned,False,
N467,N467,CS_19,50,assigned,True,
N854,N854,CS_153,50,assigned,False,
N688,N688,CS_83,50,assigned,True,
N218,N218,CS_41,50,assigned,False,
N1357,N1357,CS_40,50,assigned,False,
N534,N534,CS_61,50,assigned,False,
N112,N112,CS_46,50,assigned,False,
N1328,N1328,CS_29,50,assigned,False,
N776,N776,CS_129,50,assigned,False,
N1312,N1312,CS_65,50,assigned,False,
N1814,N1814,CS_149,50,assigned,False,
N1708,N1708,CS_140,50,assigned,False,
N1343,N1343,CS_49,50,assigned,False,
N1912,N1912,CS_8,50,assigned,False,
N1575,N1575,CS_42,50,assigned,False,
N795,N795,CS_137,50,assigned,True,
N1843,N1843,CS_70,50,assigned,False,
N975,N975,CS_108,50,assigned,False,
N936,N936,CS_125,50,assigned,False,
N299,N299,CS_50,50,assigned,False,
N1167,N1167,CS_119,50,assigned,False,
N304,N304,CS_3,50,assigned,False,
N1543,N1543,CS_34,50,assigned,False,
N1694,N1694,CS_112,50,assigned,False,
N128,N128,CS_2,50,assigned,False,
N1833,N1833,CS_12,50,assigned,True,
N1681,N1681,CS_30,50,assigned,False,
N383,N383,CS_13,50,assigned,False,
N1359,N1359,CS_40,50,assigned,False,
N967,N967,CS_88,50,assigned,False,
N463,N463,CS_26,50,assigned,False,
N1204,N1204,CS_69,50,assigned,False,
N981,N981,CS_100,50,assigned,False,
N313,N313,CS_48,50,assigned,False,
N126,N126,CS_45,50,assigned,False,
N1529,N1529,CS_60,50,assigned,True,
N555,N555,CS_99,50,assigned,False,
N895,N895,CS_81,50,assigned,True,
N1191,N1191,CS_150,50,assigned,True,
N1548,N1548,CS_37,50,assigned,False,
N136,N136,CS_50,50,assigned,False,
N1170,N1170,CS_124,50,assigned,False,
N1158,N1158,CS_134,50,assigned,False,
N231,N231,CS_57,50,assigned,False,
N366,N366,CS_24,50,assigned,True,
N1426,N1426,CS_68,50,assigned,False,
N234,N234,CS_23,50,assigned,False,
N1032,N1032,CS_146,50,assigned,False,
N216,N216,CS_41,50,assigned,False,
N989,N989,CS_138,50,assigned,True,
N1525,N1525,CS_57,50,assigned,False,
N93,N93,CS_6,50,assigned,False,
N1333,N1333,CS_35,50,assigned,False,
N1248,N1248,CS_52,50,assigned,False,
N1141,N1141,CS_85,50,assigned,False,
N1600,N1600,CS_13,50,assigned,True,
N1834,N1834,CS_28,50,assigned,False,
N86,N86,CS_32,50,assigned,False,
N682,N682,CS_146,50,assigned,False,
N1165,N1165,CS_154,50,assigned,False,
N100,N100,CS_44,50,assigned,False,
N943,N943,CS_129,50,assigned,False,
N1831,N1831,CS_34,50,assigned,False,
N1519,N1519,CS_41,50,assigned,True,
N1246,N1246,CS_70,50,assigned,False,
N155,N155,CS_52,50,assigned,False,
N259,N259,CS_23,50,assigned,False,
N1854,N1854,CS_50,50,assigned,True,
N1721,N1721,CS_132,50,assigned,False,
N976,N976,CS_148,50,assigned,False,
N1008,N1008,CS_130,50,assigned,False,
N374,N374,CS_37,50,assigned,False,
N295,N295,CS_3,50,assigned,False,
N1746,N1746,CS_146,50,assigned,True,
N430,N430,CS_36,50,assigned,False,
N1327,N1327,CS_29,50,assigned,False,
N1806,N1806,CS_135,50,assigned,True,
N1505,N1505,CS_45,50,assigned,True,
N1430,N1430,CS_69,50,assigned,False,
N419,N419,CS_61,50,assigned,False,
N643,N643,CS_144,50,assigned,True,
N1650,N1650,CS_103,50,assigned,True,
N982,N982,CS_107,50,assigned,False,
N1669,N1669,CS_12,50,assigned,False,
N1262,N1262,CS_50,50,assigned,False,
N1351,N1351,CS_1,50,assigned,True,
N1784,N1784,CS_141,50,assigned,True,
N1173,N1173,CS_121,50,assigned,False,
N678,N678,CS_113,50,assigned,True,
N1533,N1533,CS_60,50,assigned,False,
N145,N145,CS_70,50,assigned,False,
N1232,N1232,CS_47,50,assigned,False,
N1372,N1372,CS_49,50,assigned,False,
N360,N360,CS_61,50,assigned,False,
N1448,N1448,CS_2,50,assigned,False,
N1892,N1892,CS_8,50,assigned,False,
N692,N692,CS_120,50,assigned,True,
N777,N777,CS_128,50,assigned,False,
N143,N143,CS_3,50,assigned,False,
N1544,N1544,CS_99,50,assigned,False,
N1330,N1330,CS_29,50,assigned,False,
N1809,N1809,CS_122,50,assigned,True,
N1845,N1845,CS_54,50,assigned,False,
N1260,N1260,CS_50,50,assigned,False,
N352,N352,CS_43,50,assigned,False,
N97,N97,CS_30,50,assigned,False,
N1924,N1924,CS_8,50,assigned,False,
N1313,N1313,CS_39,50,assigned,False,
N588,N588,CS_24,50,assigned,True,
N461,N461,CS_19,50,assigned,False,
N1626,N1626,CS_15,50,assigned,False,
N1506,N1506,CS_52,50,assigned,False,
N1715,N1715,CS_155,50,assigned,False,
N1237,N1237,CS_50,50,assigned,False,
N1639,N1639,CS_43,50,assigned,False,
N1123,N1123,CS_97,50,assigned,False,
N1030,N1030,CS_117,50,assigned,False,
N1850,N1850,CS_53,50,assigned,False,
N838,N838,CS_100,50,assigned,False,
N966,N966,CS_147,50,assigned,False,
N375,N375,CS_37,50,assigned,False,
N1903,N1903,CS_36,50,assigned,False,
N1019,N1019,CS_131,50,assigned,True,
N206,N206,CS_57,50,assigned,False,
N650,N650,CS_152,50,assigned,False,
N651,N651,CS_82,50,assigned,False,
N422,N422,CS_51,50,assigned,True,
N104,N104,CS_42,50,assigned,False,
N1777,N1777,CS_96,50,assigned,False,
N82,N82,CS_102,50,assigned,False,
N1410,N1410,CS_68,50,assigned,False,
N1524,N1524,CS_23,50,assigned,False,
N335,N335,CS_41,50,assigned,False,
N1287,N1287,CS_45,50,assigned,False,
N417,N417,CS_15,50,assigned,True,
N1199,N1199,CS_93,50,assigned,True,
N228,N228,CS_57,50,assigned,False,
N1247,N1247,CS_70,50,assigned,False,
N1527,N1527,CS_31,50,assigned,False,
N164,N164,CS_73,50,assigned,True,
N664,N664,CS_79,50,assigned,False,
N1644,N1644,CS_104,50,assigned,False,
N1512,N1512,CS_64,50,assigned,False,
N1581,N1581,CS_48,50,assigned,True,
N1928,N1928,CS_36,50,assigned,False,
N226,N226,CS_43,50,assigned,False,
N413,N413,CS_3,50,assigned,True,
N990,N990,CS_89,50,assigned,False,
N969,N969,CS_94,50,assigned,True,
N893,N893,CS_78,50,assigned,True,
N289,N289,CS_28,50,assigned,False,
N674,N674,CS_113,50,assigned,True,
N667,N667,CS_77,50,assigned,False,
N302,N302,CS_54,50,assigned,False,
N85,N85,CS_32,50,assigned,False,
N215,N215,CS_41,50,assigned,False,
N170,N170,CS_68,50,assigned,False,
N1329,N1329,CS_29,50,assigned,False,
N1520,N1520,CS_15,50,assigned,False,
N1878,N1878,CS_72,50,assigned,True,
N853,N853,CS_109,50,assigned,False,
N1241,N1241,CS_37,50,assigned,False,
N1331,N1331,CS_29,50,assigned,False,
N351,N351,CS_23,50,assigned,False,
N94,N94,CS_6,50,assigned,False,
N1935,N1935,CS_38,50,assigned,False,
N762,N762,CS_149,50,assigned,True,
N1444,N1444,CS_60,50,assigned,True,
N1020,N1020,CS_126,50,assigned,False,
N90,N90,CS_12,50,assigned,False,
N1122,N1122,CS_106,50,assigned,False,
N147,N147,CS_52,50,assigned,False,
N1597,N1597,CS_16,50,assigned,False,
N1863,N1863,CS_45,50,assigned,False,
N388,N388,CS_70,50,assigned,False,
N1560,N1560,CS_43,50,assigned,False,
N1661,N1661,CS_69,50,assigned,False,
N308,N308,CS_50,50,assigned,False,
N129,N129,CS_2,50,assigned,False,
N1803,N1803,CS_134,50,assigned,False,
N945,N945,CS_129,50,assigned,True,
N617,N617,CS_44,50,assigned,False,
N160,N160,CS_53,50,assigned,False,
N1648,N1648,CS_33,50,assigned,False,
N1040,N1040,CS_137,50,assigned,True,
N1231,N1231,CS_47,50,assigned,False,
N647,N647,CS_80,50,assigned,False,
N1238,N1238,CS_50,50,assigned,False,
N1611,N1611,CS_58,50,assigned,False,
N1790,N1790,CS_95,50,assigned,False,
N1779,N1779,CS_90,50,assigned,False,
N1494,N1494,CS_47,50,assigned,False,
N117,N117,CS_42,50,assigned,False,
N679,N679,CS_120,50,assigned,False,
N1522,N1522,CS_57,50,assigned,False,
N131,N131,CS_46,50,assigned,False,
N125,N125,CS_3,50,assigned,False,
N1227,N1227,CS_34,50,assigned,False,
N1896,N1896,CS_40,50,assigned,False,
N241,N241,CS_23,50,assigned,False,
N938,N938,CS_125,50,assigned,False,
N1447,N1447,CS_2,50,assigned,False,
N1156,N1156,CS_151,50,assigned,False,
N1072,N1072,CS_116,50,assigned,False,
N1445,N1445,CS_30,50,assigned,False,
N1709,N1709,CS_123,50,assigned,False,
N1645,N1645,CS_105,50,assigned,False,
N1422,N1422,CS_40,50,assigned,False,
N329,N329,CS_41,50,assigned,False,
N46,N46,CS_77,50,assigned,True,
N1304,N1304,CS_45,50,assigned,False,
N1846,N1846,CS_54,50,assigned,False,
N535,N535,CS_61,50,assigned,False,
N165,N165,CS_73,50,assigned,False,
N816,N816,CS_124,50,assigned,False,
N683,N683,CS_118,50,assigned,False,
N1004,N1004,CS_80,50,assigned,True,
N119,N119,CS_42,50,assigned,False,
N57,N57,CS_77,50,assigned,True,
N645,N645,CS_150,50,assigned,True,
N636,N636,CS_81,50,assigned,False,
N881,N881,CS_110,50,assigned,False,
N1263,N1263,CS_50,50,assigned,False,
N527,N527,CS_31,50,assigned,False,
N1495,N1495,CS_47,50,assigned,False,
N1225,N1225,CS_28,50,assigned,False,
N1474,N1474,CS_76,50,assigned,False,
N1599,N1599,CS_26,50,assigned,False,
N892,N892,CS_79,50,assigned,False,
N1401,N1401,CS_35,50,assigned,False,
N1893,N1893,CS_1,50,assigned,True,
N1705,N1705,CS_140,50,assigned,False,
N337,N337,CS_15,50,assigned,False,
N616,N616,CS_44,50,assigned,False,
N1643,N1643,CS_103,50,assigned,True,
N298,N298,CS_50,50,assigned,False,
N133,N133,CS_70,50,assigned,False,
N522,N522,CS_43,50,assigned,False,
N1711,N1711,CS_88,50,assigned,True,
N1228,N1228,CS_34,50,assigned,False,
N1352,N1352,,50,assigned,False,
N859,N859,CS_106,50,assigned,False,
N773,N773,CS_161,50,assigned,False,
N1895,N1895,CS_40,50,assigned,False,
N850,N850,CS_153,50,assigned,False,
N589,N589,CS_99,50,assigned,False,
N395,N395,CS_60,50,assigned,False,
N1898,N1898,CS_49,50,assigned,False,
N1286,N1286,CS_52,50,assigned,False,
N1207,N1207,CS_12,50,assigned,True,
N1567,N1567,CS_36,50,assigned,False,
N1702,N1702,CS_154,50,assigned,False,
N1354,N1354,,50,assigned,False,
N132,N132,CS_42,50,assigned,True,
N1456,N1456,CS_16,50,assigned,False,
N297,N297,CS_50,50,assigned,False,
N207,N207,CS_35,50,assigned,False,
N1242,N1242,CS_73,50,assigned,True,
N1861,N1861,CS_53,50,assigned,False,
N1226,N1226,,50,failed,,backtrack_cap_reached
N1175,N1175,,50,failed,,backtrack_cap_reached
N1804,N1804,,50,failed,,backtrack_cap_reached
N524,N524,,50,failed,,backtrack_cap_reached
N1937,N1937,,50,failed,,backtrack_cap_reached
N141,N141,,50,failed,,backtrack_cap_reached
N1750,N1750,,50,failed,,backtrack_cap_reached
N394,N394,,50,failed,,backtrack_cap_reached
N1446,N1446,,50,failed,,backtrack_cap_reached
N706,N706,,50,failed,,backtrack_cap_reached
N620,N620,,50,failed,,backtrack_cap_reached
N336,N336,,50,failed,,backtrack_cap_reached
N830,N830,,50,failed,,backtrack_cap_reached
N794,N794,,50,failed,,backtrack_cap_reached
N1745,N1745,,50,failed,,backtrack_cap_reached
N826,N826,,50,failed,,backtrack_cap_reached
N1826,N1826,,50,failed,,backtrack_cap_reached
N223,N223,,50,failed,,backtrack_cap_reached
N1421,N1421,,50,failed,,backtrack_cap_reached
N937,N937,,50,failed,,backtrack_cap_reached
N469,N469,,50,failed,,backtrack_cap_reached
N142,N142,,50,failed,,backtrack_cap_reached
N1341,N1341,,50,failed,,backtrack_cap_reached
N823,N823,,50,failed,,backtrack_cap_reached
N1888,N1888,,50,failed,,backtrack_cap_reached
N137,N137,,50,failed,,backtrack_cap_reached
N1886,N1886,,50,failed,,backtrack_cap_reached
N1619,N1619,,50,failed,,backtrack_cap_reached
N1710,N1710,,50,failed,,backtrack_cap_reached
N1879,N1879,,50,failed,,backtrack_cap_reached
N1741,N1741,,50,failed,,backtrack_cap_reached
N677,N677,,50,failed,,backtrack_cap_reached
N83,N83,,50,failed,,backtrack_cap_reached
N168,N168,,50,failed,,backtrack_cap_reached
N831,N831,,50,failed,,backtrack_cap_reached
N1576,N1576,,50,failed,,backtrack_cap_reached
N139,N139,,50,failed,,backtrack_cap_reached
N1120,N1120,,50,failed,,backtrack_cap_reached
N1825,N1825,,50,failed,,backtrack_cap_reached
N1033,N1033,,50,failed,,backtrack_cap_reached
N95,N95,,50,failed,,backtrack_cap_reached
N211,N211,,50,failed,,backtrack_cap_reached
N1538,N1538,,50,failed,,backtrack_cap_reached
N1261,N1261,,50,failed,,backtrack_cap_reached
N296,N296,,50,failed,,backtrack_cap_reached
N163,N163,,50,failed,,backtrack_cap_reached
N1048,N1048,,50,failed,,backtrack_cap_reached
N64,N64,,50,failed,,backtrack_cap_reached
N947,N947,,50,failed,,backtrack_cap_reached
N634,N634,,50,failed,,backtrack_cap_reached
N963,N963,,50,failed,,backtrack_cap_reached
N1073,N1073,,50,failed,,backtrack_cap_reached
N1293,N1293,,50,failed,,backtrack_cap_reached
N1729,N1729,,50,failed,,backtrack_cap_reached
N1380,N1380,,50,failed,,backtrack_cap_reached
N369,N369,,50,failed,,backtrack_cap_reached
N138,N138,,50,failed,,backtrack_cap_reached
N615,N615,,50,failed,,backtrack_cap_reached
N1630,N1630,,50,failed,,backtrack_cap_reached
N958,N958,,50,failed,,backtrack_cap_reached
N1801,N1801,,50,failed,,backtrack_cap_reached
N1596,N1596,,50,failed,,backtrack_cap_reached
N1719,N1719,,50,failed,,backtrack_cap_reached
N1443,N1443,,50,failed,,backtrack_cap_reached
N1423,N1423,,50,failed,,backtrack_cap_reached
N1703,N1703,,50,failed,,backtrack_cap_reached
N1660,N1660,,50,failed,,backtrack_cap_reached
N393,N393,,50,failed,,backtrack_cap_reached
N1523,N1523,,50,failed,,backtrack_cap_reached
N1240,N1240,,50,failed,,backtrack_cap_reached
N959,N959,,50,failed,,backtrack_cap_reached
N1208,N1208,,50,failed,,backtrack_cap_reached
N1233,N1233,,50,failed,,backtrack_cap_reached
N140,N140,,50,failed,,backtrack_cap_reached
N861,N861,,50,failed,,backtrack_cap_reached
N1305,N1305,,50,failed,,backtrack_cap_reached
N284,N284,,50,failed,,backtrack_cap_reached
N523,N523,,50,failed,,backtrack_cap_reached
N1897,N1897,,50,failed,,backtrack_cap_reached
N841,N841,,50,failed,,backtrack_cap_reached
N1908,N1908,,50,failed,,backtrack_cap_reached
N1031,N1031,,50,failed,,backtrack_cap_reached
N1316,N1316,,50,failed,,backtrack_cap_reached
N412,N412,,50,failed,,backtrack_cap_reached
N220,N220,,50,failed,,backtrack_cap_reached
N985,N985,,50,failed,,backtrack_cap_reached
N1439,N1439,,50,failed,,backtrack_cap_reached
N1007,N1007,,50,failed,,backtrack_cap_reached
N526,N526,,50,failed,,backtrack_cap_reached
N621,N621,,50,failed,,backtrack_cap_reached
N442,N442,,50,failed,,backtrack_cap_reached
N328,N328,,50,failed,,backtrack_cap_reached
N1528,N1528,,50,failed,,backtrack_cap_reached
N894,N894,,50,failed,,backtrack_cap_reached
N703,N703,,50,failed,,backtrack_cap_reached
N614,N614,,50,failed,,backtrack_cap_reached
N468,N468,,50,failed,,backtrack_cap_reached
N1164,N1164,,50,failed,,backtrack_cap_reached
N123,N123,,50,failed,,backtrack_cap_reached
N1459,N1459,,50,failed,,backtrack_cap_reached
N1905,N1905,,50,failed,,backtrack_cap_reached
N896,N896,,50,failed,,backtrack_cap_reached
N208,N208,,50,failed,,backtrack_cap_reached
N1700,N1700,,50,failed,,backtrack_cap_reached
N1353,N1353,,50,failed,,backtrack_cap_reached
N384,N384,,50,failed,,backtrack_cap_reached
N1183,N1183,,50,failed,,backtrack_cap_reached
N525,N525,,50,failed,,backtrack_cap_reached
N210,N210,,50,failed,,backtrack_cap_reached
N1842,N1842,,50,failed,,backtrack_cap_reached
N1148,N1148,,50,failed,,backtrack_cap_reached
N1296,N1296,,50,failed,,backtrack_cap_reached
N1773,N1773,,50,failed,,backtrack_cap_reached
N842,N842,,50,failed,,backtrack_cap_reached
N1195,N1195,,50,failed,,backtrack_cap_reached
N1176,N1176,,50,failed,,backtrack_cap_reached
N592,N592,,50,failed,,backtrack_cap_reached
N334,N334,,50,failed,,backtrack_cap_reached
N547,N547,,50,failed,,backtrack_cap_reached
N1292,N1292,,50,failed,,backtrack_cap_reached
N1294,N1294,,50,failed,,backtrack_cap_reached
N1802,N1802,,50,failed,,backtrack_cap_reached
N1424,N1424,,50,failed,,backtrack_cap_reached
N1894,N1894,,50,failed,,backtrack_cap_reached
N69,N69,,50,failed,,backtrack_cap_reached
N964,N964,,50,failed,,backtrack_cap_reached
N1135,N1135,,50,failed,,backtrack_cap_reached
N1720,N1720,,50,failed,,backtrack_cap_reached
N283,N283,,50,failed,,backtrack_cap_reached
N828,N828,,50,failed,,backtrack_cap_reached
N529,N529,,50,failed,,backtrack_cap_reached
N1036,N1036,,50,failed,,backtrack_cap_reached
N474,N474,,50,failed,,backtrack_cap_reached
N1229,N1229,,50,failed,,backtrack_cap_reached
N491,N491,,50,failed,,backtrack_cap_reached
N612,N612,,50,failed,,backtrack_cap_reached
N891,N891,,50,failed,,backtrack_cap_reached
N1133,N1133,,50,failed,,backtrack_cap_reached
N658,N658,,50,failed,,backtrack_cap_reached
N1349,N1349,,50,failed,,backtrack_cap_reached
N1121,N1121,,50,failed,,backtrack_cap_reached
N897,N897,,50,failed,,backtrack_cap_reached
N1379,N1379,,50,failed,,backtrack_cap_reached
N1340,N1340,,50,failed,,backtrack_cap_reached
N885,N885,,50,failed,,backtrack_cap_reached
N1573,N1573,,50,failed,,backtrack_cap_reached
N1239,N1239,,50,failed,,backtrack_cap_reached
N1101,N1101,,50,failed,,backtrack_cap_reached
N1507,N1507,,50,failed,,backtrack_cap_reached
N944,N944,,50,failed,,backtrack_cap_reached
N956,N956,,50,failed,,backtrack_cap_reached
N464,N464,,50,failed,,backtrack_cap_reached
N1234,N1234,,50,failed,,backtrack_cap_reached
N212,N212,,50,failed,,backtrack_cap_reached
N1335,N1335,,50,failed,,backtrack_cap_reached
N1786,N1786,,50,failed,,backtrack_cap_reached
N639,N639,,50,failed,,backtrack_cap_reached
N1837,N1837,,50,failed,,backtrack_cap_reached
N1927,N1927,,50,failed,,backtrack_cap_reached
N1169,N1169,,50,failed,,backtrack_cap_reached
N420,N420,,50,failed,,backtrack_cap_reached
N613,N613,,50,failed,,backtrack_cap_reached
N380,N380,,50,failed,,backtrack_cap_reached
N1532,N1532,,50,failed,,backtrack_cap_reached
N1787,N1787,,50,failed,,backtrack_cap_reached
N1300,N1300,,50,failed,,backtrack_cap_reached
N222,N222,,50,failed,,backtrack_cap_reached
N1836,N1836,,50,failed,,backtrack_cap_reached
N96,N96,,50,failed,,backtrack_cap_reached
N1317,N1317,,50,failed,,backtrack_cap_reached
N443,N443,,50,failed,,backtrack_cap_reached
N1944,N1944,,50,failed,,backtrack_cap_reached
N1185,N1185,,50,failed,,backtrack_cap_reached
N326,N326,,50,failed,,backtrack_cap_reached
N855,N855,,50,failed,,backtrack_cap_reached
N840,N840,,50,failed,,backtrack_cap_reached
N1381,N1381,,50,failed,,backtrack_cap_reached
N546,N546,,50,failed,,backtrack_cap_reached
N1440,N1440,,50,failed,,backtrack_cap_reached
N1687,N1687,,50,failed,,backtrack_cap_reached
N1460,N1460,,50,failed,,backtrack_cap_reached
N1223,N1223,,50,failed,,backtrack_cap_reached
N824,N824,,50,failed,,backtrack_cap_reached
N1473,N1473,,50,failed,,backtrack_cap_reached
N307,N307,,50,failed,,backtrack_cap_reached
N1632,N1632,,50,failed,,backtrack_cap_reached
N1827,N1827,,50,failed,,backtrack_cap_reached
N955,N955,,50,failed,,backtrack_cap_reached
N490,N490,,50,failed,,backtrack_cap_reached
N685,N685,,50,failed,,backtrack_cap_reached
N604,N604,,50,failed,,backtrack_cap_reached
N1366,N1366,,50,failed,,backtrack_cap_reached
N221,N221,,50,failed,,backtrack_cap_reached
N1692,N1692,,50,failed,,backtrack_cap_reached
N1160,N1160,,50,failed,,backtrack_cap_reached
N593,N593,,50,failed,,backtrack_cap_reached
N1489,N1489,,50,failed,,backtrack_cap_reached
N340,N340,,50,failed,,backtrack_cap_reached
N1770,N1770,,50,failed,,backtrack_cap_reached
N288,N288,,50,failed,,backtrack_cap_reached
N1633,N1633,,50,failed,,backtrack_cap_reached
N1094,N1094,,50,failed,,backtrack_cap_reached
N475,N475,,50,failed,,backtrack_cap_reached
N1295,N1295,,50,failed,,backtrack_cap_reached
N1206,N1206,,50,failed,,backtrack_cap_reached
N983,N983,,50,failed,,backtrack_cap_reached
N1377,N1377,,50,failed,,backtrack_cap_reached
N1230,N1230,,50,failed,,backtrack_cap_reached
N79,N79,,50,failed,,backtrack_cap_reached
N1534,N1534,,50,failed,,backtrack_cap_reached
N1196,N1196,,50,failed,,backtrack_cap_reached
N1249,N1249,,50,failed,,backtrack_cap_reached
N465,N465,,50,failed,,backtrack_cap_reached
N1224,N1224,,50,failed,,backtrack_cap_reached
N1334,N1334,,50,failed,,backtrack_cap_reached
N1348,N1348,,50,failed,,backtrack_cap_reached
N665,N665,,50,failed,,backtrack_cap_reached
N1811,N1811,,50,failed,,backtrack_cap_reached
N1549,N1549,,50,failed,,backtrack_cap_reached
N1740,N1740,,50,failed,,backtrack_cap_reached
N1297,N1297,,50,failed,,backtrack_cap_reached
N1490,N1490,,50,failed,,backtrack_cap_reached
N1535,N1535,,50,failed,,backtrack_cap_reached
N1431,N1431,,50,failed,,backtrack_cap_reached
N1186,N1186,,50,failed,,backtrack_cap_reached
N309,N309,,50,failed,,backtrack_cap_reached
N1513,N1513,,50,failed,,backtrack_cap_reached
N605,N605,,50,failed,,backtrack_cap_reached
N1435,N1435,,50,failed,,backtrack_cap_reached
N1627,N1627,,50,failed,,backtrack_cap_reached
N1785,N1785,,50,failed,,backtrack_cap_reached
N391,N391,,50,failed,,backtrack_cap_reached
N1496,N1496,,50,failed,,backtrack_cap_reached
N1858,N1858,,50,failed,,backtrack_cap_reached
N1455,N1455,,50,failed,,backtrack_cap_reached
N1659,N1659,,50,failed,,backtrack_cap_reached
N1042,N1042,,50,failed,,backtrack_cap_reached
N1673,N1673,,50,failed,,backtrack_cap_reached
N971,N971,,50,failed,,backtrack_cap_reached
N1087,N1087,,50,failed,,backtrack_cap_reached
N1498,N1498,,50,failed,,backtrack_cap_reached
N1541,N1541,,50,failed,,backtrack_cap_reached
N415,N415,,50,failed,,backtrack_cap_reached
N1345,N1345,,50,failed,,backtrack_cap_reached
N1365,N1365,,50,failed,,backtrack_cap_reached
N610,N610,,50,failed,,backtrack_cap_reached
N1799,N1799,,50,failed,,backtrack_cap_reached
N796,N796,,50,failed,,backtrack_cap_reached
N339,N339,,50,failed,,backtrack_cap_reached
N1382,N1382,,50,failed,,backtrack_cap_reached
N1844,N1844,,50,failed,,backtrack_cap_reached
N1155,N1155,,50,failed,,backtrack_cap_reached
N1628,N1628,,50,failed,,backtrack_cap_reached
N1550,N1550,,50,failed,,backtrack_cap_reached
N144,N144,,50,failed,,backtrack_cap_reached
N1887,N1887,,50,failed,,backtrack_cap_reached
N1151,N1151,,50,failed,,backtrack_cap_reached
N1136,N1136,,50,failed,,backtrack_cap_reached
N77,N77,,50,failed,,backtrack_cap_reached
N1890,N1890,,50,failed,,backtrack_cap_reached
N608,N608,,50,failed,,backtrack_cap_reached
N1205,N1205,,50,failed,,backtrack_cap_reached
N1857,N1857,,50,failed,,backtrack_cap_reached
N42,N42,,50,failed,,backtrack_cap_reached
N1676,N1676,,50,failed,,backtrack_cap_reached
N332,N332,,50,failed,,backtrack_cap_reached
N1163,N1163,,50,failed,,backtrack_cap_reached
N611,N611,,50,failed,,backtrack_cap_reached
N1840,N1840,,50,failed,,backtrack_cap_reached
N1301,N1301,,50,failed,,backtrack_cap_reached
N1378,N1378,,50,failed,,backtrack_cap_reached
N1432,N1432,,50,failed,,backtrack_cap_reached
N1835,N1835,,50,failed,,backtrack_cap_reached
N845,N845,,50,failed,,backtrack_cap_reached
N1798,N1798,,50,failed,,backtrack_cap_reached
N1564,N1564,,50,failed,,backtrack_cap_reached
N808,N808,,50,failed,,backtrack_cap_reached
N1881,N1881,,50,failed,,backtrack_cap_reached
N1006,N1006,,50,failed,,backtrack_cap_reached
N1816,N1816,,50,failed,,backtrack_cap_reached
N825,N825,,50,failed,,backtrack_cap_reached
N999,N999,,50,failed,,backtrack_cap_reached
N770,N770,,50,failed,,backtrack_cap_reached
N389,N389,,50,failed,,backtrack_cap_reached
N1159,N1159,,50,failed,,backtrack_cap_reached
N1154,N1154,,50,failed,,backtrack_cap_reached
N1336,N1336,,50,failed,,backtrack_cap_reached
N1209,N1209,,50,failed,,backtrack_cap_reached
N130,N130,,50,failed,,backtrack_cap_reached
N1730,N1730,,50,failed,,backtrack_cap_reached
N1855,N1855,,50,failed,,backtrack_cap_reached
N1318,N1318,,50,failed,,backtrack_cap_reached
N56,N56,,50,failed,,backtrack_cap_reached
N1951,N1951,,50,failed,,backtrack_cap_reached
N1821,N1821,,50,failed,,backtrack_cap_reached
N1838,N1838,,50,failed,,backtrack_cap_reached
N213,N213,,50,failed,,backtrack_cap_reached
N609,N609,,50,failed,,backtrack_cap_reached
N1747,N1747,,50,failed,,backtrack_cap_reached
N1475,N1475,,50,failed,,backtrack_cap_reached
N1436,N1436,,50,failed,,backtrack_cap_reached
N41,N41,,50,failed,,backtrack_cap_reached
N404,N404,,50,failed,,backtrack_cap_reached
N1034,N1034,,50,failed,,backtrack_cap_reached
N1289,N1289,,50,failed,,backtrack_cap_reached
N327,N327,,50,failed,,backtrack_cap_reached
N1441,N1441,,50,failed,,backtrack_cap_reached
N1587,N1587,,50,failed,,backtrack_cap_reached
N1062,N1062,,50,failed,,backtrack_cap_reached
N791,N791,,50,failed,,backtrack_cap_reached
N310,N310,,50,failed,,backtrack_cap_reached
N832,N832,,50,failed,,backtrack_cap_reached
N99,N99,,50,failed,,backtrack_cap_reached
N214,N214,,50,failed,,backtrack_cap_reached
N1603,N1603,,50,failed,,backtrack_cap_reached
N1210,N1210,,50,failed,,backtrack_cap_reached
N1672,N1672,,50,failed,,backtrack_cap_reached
N1184,N1184,,50,failed,,backtrack_cap_reached
N1270,N1270,,50,failed,,backtrack_cap_reached
N1344,N1344,,50,failed,,backtrack_cap_reached
N1934,N1934,,50,failed,,backtrack_cap_reached
N1749,N1749,,50,failed,,backtrack_cap_reached
N1150,N1150,,50,failed,,backtrack_cap_reached
N1668,N1668,,50,failed,,backtrack_cap_reached
N992,N992,,50,failed,,backtrack_cap_reached
N1152,N1152,,50,failed,,backtrack_cap_reached
N1337,N1337,,50,failed,,backtrack_cap_reached
N1079,N1079,,50,failed,,backtrack_cap_reached
N1752,N1752,,50,failed,,backtrack_cap_reached
N528,N528,,50,failed,,backtrack_cap_reached
N1554,N1554,,50,failed,,backtrack_cap_reached
N1875,N1875,,50,failed,,backtrack_cap_reached
N1461,N1461,,50,failed,,backtrack_cap_reached
N1502,N1502,,50,failed,,backtrack_cap_reached
N811,N811,,50,failed,,backtrack_cap_reached
N1041,N1041,,50,failed,,backtrack_cap_reached
N1559,N1559,,50,failed,,backtrack_cap_reached
N1086,N1086,,50,failed,,backtrack_cap_reached
N1598,N1598,,50,failed,,backtrack_cap_reached
N55,N55,,50,failed,,backtrack_cap_reached
N1319,N1319,,50,failed,,backtrack_cap_reached
N1776,N1776,,50,failed,,backtrack_cap_reached
N39,N39,,50,failed,,backtrack_cap_reached
N1288,N1288,,50,failed,,backtrack_cap_reached
N834,N834,,50,failed,,backtrack_cap_reached
N1442,N1442,,50,failed,,backtrack_cap_reached
N1116,N1116,,50,failed,,backtrack_cap_reached
N1693,N1693,,50,failed,,backtrack_cap_reached
N1742,N1742,,50,failed,,backtrack_cap_reached
N1671,N1671,,50,failed,,backtrack_cap_reached
N1174,N1174,,50,failed,,backtrack_cap_reached
N960,N960,,50,failed,,backtrack_cap_reached
N1555,N1555,,50,failed,,backtrack_cap_reached
N1508,N1508,,50,failed,,backtrack_cap_reached
N993,N993,,50,failed,,backtrack_cap_reached
N1938,N1938,,50,failed,,backtrack_cap_reached
N979,N979,,50,failed,,backtrack_cap_reached
N1569,N1569,,50,failed,,backtrack_cap_reached
N1734,N1734,,50,failed,,backtrack_cap_reached
N1574,N1574,,50,failed,,backtrack_cap_reached
N217,N217,,50,failed,,backtrack_cap_reached
N408,N408,,50,failed,,backtrack_cap_reached
N1434,N1434,,50,failed,,backtrack_cap_reached
N377,N377,,50,failed,,backtrack_cap_reached
N1027,N1027,,50,failed,,backtrack_cap_reached
N1149,N1149,,50,failed,,backtrack_cap_reached
N232,N232,,50,failed,,backtrack_cap_reached
N219,N219,,50,failed,,backtrack_cap_reached
N1942,N1942,,50,failed,,backtrack_cap_reached
N1269,N1269,,50,failed,,backtrack_cap_reached
N382,N382,,50,failed,,backtrack_cap_reached
N1670,N1670,,50,failed,,backtrack_cap_reached
N1271,N1271,,50,failed,,backtrack_cap_reached
N1503,N1503,,50,failed,,backtrack_cap_reached
N40,N40,,50,failed,,backtrack_cap_reached
N1913,N1913,,50,failed,,backtrack_cap_reached
N311,N311,,50,failed,,backtrack_cap_reached
N1871,N1871,,50,failed,,backtrack_cap_reached
N1509,N1509,,50,failed,,backtrack_cap_reached
N1722,N1722,,50,failed,,backtrack_cap_reached
N68,N68,,50,failed,,backtrack_cap_reached
N1078,N1078,,50,failed,,backtrack_cap_reached
N1433,N1433,,50,failed,,backtrack_cap_reached
N1848,N1848,,50,failed,,backtrack_cap_reached
N78,N78,,50,failed,,backtrack_cap_reached
N1688,N1688,,50,failed,,backtrack_cap_reached
N1302,N1302,,50,failed,,backtrack_cap_reached
N876,N876,,50,failed,,backtrack_cap_reached
N1500,N1500,,50,failed,,backtrack_cap_reached
N1147,N1147,,50,failed,,backtrack_cap_reached
N67,N67,,50,failed,,backtrack_cap_reached
N587,N587,,50,failed,,backtrack_cap_reached
N1911,N1911,,50,failed,,backtrack_cap_reached
N1761,N1761,,50,failed,,backtrack_cap_reached
N1438,N1438,,50,failed,,backtrack_cap_reached
N1063,N1063,,50,failed,,backtrack_cap_reached
N1117,N1117,,50,failed,,backtrack_cap_reached
N694,N694,,50,failed,,backtrack_cap_reached
N513,N513,,50,failed,,backtrack_cap_reached
N1828,N1828,,50,failed,,backtrack_cap_reached
N1800,N1800,,50,failed,,backtrack_cap_reached
N635,N635,,50,failed,,backtrack_cap_reached
N1950,N1950,,50,failed,,backtrack_cap_reached
N542,N542,,50,failed,,backtrack_cap_reached
N1267,N1267,,50,failed,,backtrack_cap_reached
N1764,N1764,,50,failed,,backtrack_cap_reached
N1510,N1510,,50,failed,,backtrack_cap_reached
N65,N65,,50,failed,,backtrack_cap_reached
N877,N877,,50,failed,,backtrack_cap_reached
N403,N403,,50,failed,,backtrack_cap_reached
N1939,N1939,,50,failed,,backtrack_cap_reached
N1153,N1153,,50,failed,,backtrack_cap_reached
N1943,N1943,,50,failed,,backtrack_cap_reached
N1882,N1882,,50,failed,,backtrack_cap_reached
N1472,N1472,,50,failed,,backtrack_cap_reached
N1873,N1873,,50,failed,,backtrack_cap_reached
N1783,N1783,,50,failed,,backtrack_cap_reached
N1868,N1868,,50,failed,,backtrack_cap_reached
N1686,N1686,,50,failed,,backtrack_cap_reached
N1762,N1762,,50,failed,,backtrack_cap_reached
N1303,N1303,,50,failed,,backtrack_cap_reached
N957,N957,,50,failed,,backtrack_cap_reached
N127,N127,,50,failed,,backtrack_cap_reached
N1268,N1268,,50,failed,,backtrack_cap_reached
N1771,N1771,,50,failed,,backtrack_cap_reached
N1664,N1664,,50,failed,,backtrack_cap_reached
N586,N586,,50,failed,,backtrack_cap_reached
N1716,N1716,,50,failed,,backtrack_cap_reached
N1940,N1940,,50,failed,,backtrack_cap_reached
N1737,N1737,,50,failed,,backtrack_cap_reached
N122,N122,,50,failed,,backtrack_cap_reached
N1518,N1518,,50,failed,,backtrack_cap_reached
N1067,N1067,,50,failed,,backtrack_cap_reached
N1891,N1891,,50,failed,,backtrack_cap_reached
N1936,N1936,,50,failed,,backtrack_cap_reached
N1437,N1437,,50,failed,,backtrack_cap_reached
N1949,N1949,,50,failed,,backtrack_cap_reached
N900,N900,,50,failed,,backtrack_cap_reached
N594,N594,,50,failed,,backtrack_cap_reached
N1859,N1859,,50,failed,,backtrack_cap_reached
N827,N827,,50,failed,,backtrack_cap_reached
N533,N533,,50,failed,,backtrack_cap_reached
N1479,N1479,,50,failed,,backtrack_cap_reached
N660,N660,,50,failed,,backtrack_cap_reached
N1662,N1662,,50,failed,,backtrack_cap_reached
N54,N54,,50,failed,,backtrack_cap_reached
N1081,N1081,,50,failed,,backtrack_cap_reached
N1266,N1266,,50,failed,,backtrack_cap_reached
N1265,N1265,,50,failed,,backtrack_cap_reached
N512,N512,,50,failed,,backtrack_cap_reached
N1146,N1146,,50,failed,,backtrack_cap_reached
N1748,N1748,,50,failed,,backtrack_cap_reached
N381,N381,,50,failed,,backtrack_cap_reached
N1751,N1751,,50,failed,,backtrack_cap_reached
N1504,N1504,,50,failed,,backtrack_cap_reached
N1566,N1566,,50,failed,,backtrack_cap_reached
N1675,N1675,,50,failed,,backtrack_cap_reached
N1810,N1810,,50,failed,,backtrack_cap_reached
N1552,N1552,,50,failed,,backtrack_cap_reached
N1622,N1622,,50,failed,,backtrack_cap_reached
N1458,N1458,,50,failed,,backtrack_cap_reached
N1487,N1487,,50,failed,,backtrack_cap_reached
N584,N584,,50,failed,,backtrack_cap_reached
N595,N595,,50,failed,,backtrack_cap_reached
N1060,N1060,,50,failed,,backtrack_cap_reached
N1767,N1767,,50,failed,,backtrack_cap_reached
N543,N543,,50,failed,,backtrack_cap_reached
N1264,N1264,,50,failed,,backtrack_cap_reached
N597,N597,,50,failed,,backtrack_cap_reached
N1889,N1889,,50,failed,,backtrack_cap_reached
N514,N514,,50,failed,,backtrack_cap_reached
N53,N53,,50,failed,,backtrack_cap_reached
N1080,N1080,,50,failed,,backtrack_cap_reached
N66,N66,,50,failed,,backtrack_cap_reached
N1066,N1066,,50,failed,,backtrack_cap_reached
N1457,N1457,,50,failed,,backtrack_cap_reached
N418,N418,,50,failed,,backtrack_cap_reached
N532,N532,,50,failed,,backtrack_cap_reached
N400,N400,,50,failed,,backtrack_cap_reached
N1052,N1052,,50,failed,,backtrack_cap_reached
N1732,N1732,,50,failed,,backtrack_cap_reached
N1856,N1856,,50,failed,,backtrack_cap_reached
N390,N390,,50,failed,,backtrack_cap_reached
N1637,N1637,,50,failed,,backtrack_cap_reached
N596,N596,,50,failed,,backtrack_cap_reached
N1874,N1874,,50,failed,,backtrack_cap_reached
N1725,N1725,,50,failed,,backtrack_cap_reached
N1071,N1071,,50,failed,,backtrack_cap_reached
N585,N585,,50,failed,,backtrack_cap_reached
N1061,N1061,,50,failed,,backtrack_cap_reached
N1515,N1515,,50,failed,,backtrack_cap_reached
N619,N619,,50,failed,,backtrack_cap_reached
N970,N970,,50,failed,,backtrack_cap_reached
N1049,N1049,,50,failed,,backtrack_cap_reached
N121,N121,,50,failed,,backtrack_cap_reached
N1658,N1658,,50,failed,,backtrack_cap_reached
N618,N618,,50,failed,,backtrack_cap_reached
N1663,N1663,,50,failed,,backtrack_cap_reached
N1053,N1053,,50,failed,,backtrack_cap_reached
N515,N515,,50,failed,,backtrack_cap_reached
N666,N666,,50,failed,,backtrack_cap_reached
N1428,N1428,,50,failed,,backtrack_cap_reached
N870,N870,,50,failed,,backtrack_cap_reached
N1760,N1760,,50,failed,,backtrack_cap_reached
N1756,N1756,,50,failed,,backtrack_cap_reached
N1069,N1069,,50,failed,,backtrack_cap_reached
N1556,N1556,,50,failed,,backtrack_cap_reached
N1483,N1483,,50,failed,,backtrack_cap_reached
N1623,N1623,,50,failed,,backtrack_cap_reached
N1427,N1427,,50,failed,,backtrack_cap_reached
N508,N508,,50,failed,,backtrack_cap_reached
N1068,N1068,,50,failed,,backtrack_cap_reached
N1689,N1689,,50,failed,,backtrack_cap_reached
N1070,N1070,,50,failed,,backtrack_cap_reached
N1766,N1766,,50,failed,,backtrack_cap_reached
N1805,N1805,,50,failed,,backtrack_cap_reached
N1794,N1794,,50,failed,,backtrack_cap_reached
N509,N509,,50,failed,,backtrack_cap_reached
N498,N498,,50,failed,,backtrack_cap_reached
N1812,N1812,,50,failed,,backtrack_cap_reached
N1480,N1480,,50,failed,,backtrack_cap_reached
N1620,N1620,,50,failed,,backtrack_cap_reached
N1754,N1754,,50,failed,,backtrack_cap_reached
N499,N499,,50,failed,,backtrack_cap_reached
N1139,N1139,,50,failed,,backtrack_cap_reached
N1178,N1178,,50,failed,,backtrack_cap_reached
N1616,N1616,,50,failed,,backtrack_cap_reached
N1138,N1138,,50,failed,,backtrack_cap_reached
N1162,N1162,,50,failed,,backtrack_cap_reached
N1161,N1161,,50,failed,,backtrack_cap_reached
N501,N501,,50,failed,,backtrack_cap_reached
N1615,N1615,,50,failed,,backtrack_cap_reached
N1484,N1484,,50,failed,,backtrack_cap_reached
N1177,N1177,,50,failed,,backtrack_cap_reached
N1488,N1488,,50,failed,,backtrack_cap_reached
N500,N500,,50,failed,,backtrack_cap_reached
N998,N998,,50,failed,,backtrack_cap_reached
N510,N510,,50,failed,,backtrack_cap_reached
N494,N494,,50,failed,,backtrack_cap_reached
N496,N496,,50,failed,,backtrack_cap_reached
N511,N511,,50,failed,,backtrack_cap_reached
N495,N495,,50,failed,,backtrack_cap_reached
N497,N497,,50,failed,,backtrack_cap_reached
N1614,N1614,,50,failed,,backtrack_cap_reached
N4,N4,,50,failed,,backtrack_cap_reached
N6,N6,,50,failed,,backtrack_cap_reached
N5,N5,,50,failed,,backtrack_cap_reached
N14,N14,,50,failed,,backtrack_cap_reached
N1462,N1462,,50,failed,,backtrack_cap_reached
N1463,N1463,,50,failed,,backtrack_cap_reached
N1054,N1054,,50,failed,,backtrack_cap_reached
N1056,N1056,,50,failed,,backtrack_cap_reached
N1057,N1057,,50,failed,,backtrack_cap_reached
N1055,N1055,,50,failed,,backtrack_cap_reached
N1755,N1755,,50,failed,,backtrack_cap_reached
N1757,N1757,,50,failed,,backtrack_cap_reached
N1051,N1051,,50,failed,,backtrack_cap_reached
N402,N402,,50,failed,,backtrack_cap_reached
N1050,N1050,,50,failed,,backtrack_cap_reached
N1058,N1058,,50,failed,,backtrack_cap_reached
N401,N401,,50,failed,,backtrack_cap_reached
N1059,N1059,,50,failed,,backtrack_cap_reached
N1759,N1759,,50,failed,,backtrack_cap_reached
N1563,N1563,,50,failed,,backtrack_cap_reached
N835,N835,,50,failed,,backtrack_cap_reached
N61,N61,,50,failed,,backtrack_cap_reached
N49,N49,,50,failed,,backtrack_cap_reached
N50,N50,,50,failed,,backtrack_cap_reached
N654,N654,,50,failed,,backtrack_cap_reached
N1792,N1792,,50,failed,,backtrack_cap_reached
N1096,N1096,,50,failed,,backtrack_cap_reached
N76,N76,,50,failed,,backtrack_cap_reached
N70,N70,,50,failed,,backtrack_cap_reached
N1815,N1815,,50,failed,,backtrack_cap_reached
N1682,N1682,,50,failed,,backtrack_cap_reached
N1491,N1491,,50,failed,,backtrack_cap_reached
N1104,N1104,,50,failed,,backtrack_cap_reached
N1320,N1320,,50,failed,,backtrack_cap_reached
N1516,N1516,,50,failed,,backtrack_cap_reached
N416,N416,,50,failed,,backtrack_cap_reached
N1493,N1493,,50,failed,,backtrack_cap_reached
N1941,N1941,,50,failed,,backtrack_cap_reached
N1134,N1134,,50,failed,,backtrack_cap_reached
N1321,N1321,,50,failed,,backtrack_cap_reached
N406,N406,,50,failed,,backtrack_cap_reached
N961,N961,,50,failed,,backtrack_cap_reached
N1137,N1137,,50,failed,,backtrack_cap_reached
N1322,N1322,,50,failed,,backtrack_cap_reached
N1778,N1778,,50,failed,,backtrack_cap_reached
N1323,N1323,,50,failed,,backtrack_cap_reached
N1571,N1571,,50,failed,,backtrack_cap_reached
N102,N102,,50,failed,,backtrack_cap_reached
N1883,N1883,,50,failed,,backtrack_cap_reached
N1690,N1690,,50,failed,,backtrack_cap_reached
N1791,N1791,,50,failed,,backtrack_cap_reached
N59,N59,,50,failed,,backtrack_cap_reached
N965,N965,,50,failed,,backtrack_cap_reached
N1324,N1324,,50,failed,,backtrack_cap_reached
N1514,N1514,,50,failed,,backtrack_cap_reached
N962,N962,,50,failed,,backtrack_cap_reached
N1325,N1325,,50,failed,,backtrack_cap_reached
N1884,N1884,,50,failed,,backtrack_cap_reached
N1482,N1482,,50,failed,,backtrack_cap_reached
N1685,N1685,,50,failed,,backtrack_cap_reached
N1481,N1481,,50,failed,,backtrack_cap_reached
N405,N405,,50,failed,,backtrack_cap_reached
N1201,N1201,,50,failed,,backtrack_cap_reached
N1885,N1885,,50,failed,,backtrack_cap_reached
N1476,N1476,,50,failed,,backtrack_cap_reached
N1202,N1202,,50,failed,,backtrack_cap_reached
N72,N72,,50,failed,,backtrack_cap_reached
N45,N45,,50,failed,,backtrack_cap_reached
N1824,N1824,,50,failed,,backtrack_cap_reached
N1765,N1765,,50,failed,,backtrack_cap_reached
N836,N836,,50,failed,,backtrack_cap_reached
N1793,N1793,,50,failed,,backtrack_cap_reached
N1492,N1492,,50,failed,,backtrack_cap_reached
N73,N73,,50,failed,,backtrack_cap_reached
N1558,N1558,,50,failed,,backtrack_cap_reached
N52,N52,,50,failed,,backtrack_cap_reached
N3,N3,,50,failed,,backtrack_cap_reached
N1744,N1744,,50,failed,,backtrack_cap_reached
N51,N51,,50,failed,,backtrack_cap_reached
N399,N399,,50,failed,,backtrack_cap_reached
N74,N74,,50,failed,,backtrack_cap_reached
N833,N833,,50,failed,,backtrack_cap_reached
N71,N71,,50,failed,,backtrack_cap_reached
N10,N10,,50,failed,,backtrack_cap_reached
N12,N12,,50,failed,,backtrack_cap_reached
N1477,N1477,,50,failed,,backtrack_cap_reached
N75,N75,,50,failed,,backtrack_cap_reached
N1572,N1572,,50,failed,,backtrack_cap_reached
N2,N2,,50,failed,,backtrack_cap_reached
N13,N13,,50,failed,,backtrack_cap_reached
N11,N11,,50,failed,,backtrack_cap_reached
N9,N9,,50,failed,,backtrack_cap_reached
N1731,N1731,,50,failed,,backtrack_cap_reached
N15,N15,,50,failed,,backtrack_cap_reached
N1485,N1485,,50,failed,,backtrack_cap_reached
N7,N7,,50,failed,,backtrack_cap_reached
N16,N16,,50,failed,,backtrack_cap_reached
N8,N8,,50,failed,,backtrack_cap_reached
N17,N17,,50,failed,,backtrack_cap_reached
N1621,N1621,,50,failed,,backtrack_cap_reached
N1464,N1464,,50,failed,,backtrack_cap_reached
N1613,N1613,,50,failed,,backtrack_cap_reached
N1465,N1465,,50,failed,,backtrack_cap_reached
N18,N18,,50,failed,,backtrack_cap_reached
N1758,N1758,,50,failed,,backtrack_cap_reached
N19,N19,,50,failed,,backtrack_cap_reached
N1,N1,,50,failed,,backtrack_cap_reached
N20,N20,,50,failed,,backtrack_cap_reached
N21,N21,,50,failed,,backtrack_cap_reached
N1466,N1466,,50,failed,,backtrack_cap_reached
N22,N22,,50,failed,,backtrack_cap_reached
N1467,N1467,,50,failed,,backtrack_cap_reached
N23,N23,,50,failed,,backtrack_cap_reached
N24,N24,,50,failed,,backtrack_cap_reached
N1468,N1468,,50,failed,,backtrack_cap_reached
