location_id,lat,lon,distance_to_coast_km,elevation_m,historical_flood
N1,21.2814,92.1827,18.929992581677396,,0
N2,21.1997,92.2028,21.024251694473193,,0
N3,21.1937,92.1926,19.96762994376112,,0
N4,21.1965,92.1817,18.837225503423127,,1
N5,21.1977,92.1813,18.79560399087517,,1
N6,21.1981,92.1812,18.785186000994855,,1
N7,21.1982,92.1959,20.30913583179678,,0
N8,21.1984,92.1883,19.52121040517097,,0
N9,21.199,92.1999,20.7237072838511,,0
N10,21.1992,92.2041,21.159094138208975,,0
N11,21.1992,92.2008,20.816982422217755,,0
N12,21.1993,92.2041,21.15907981471441,,0
N13,21.2024,92.2042,21.169002551488024,,0
N14,21.2038,92.1789,18.546027027365188,,1
N15,21.204,92.2042,21.16877322253415,,0
N16,21.211,92.2077,21.53058647954166,,0
N17,21.2141,92.1951,20.224021410136626,,0
N18,21.2442,92.2144,22.22011966671519,,0
N19,21.2702,92.1892,19.604965593225273,,0
N20,21.2833,92.199,20.618608782760507,,0
N21,21.2917,92.1771,18.348477805933495,,0
N22,21.2951,92.1856,19.22867702534924,,0
N23,21.301,92.1925,19.94273556138396,,0
N24,21.3036,92.1957,20.27389238428356,,0
N39,21.182,92.1817,18.839073636993923,,1
N40,21.1815,92.1835,19.025766091900312,,1
N41,21.1812,92.1804,18.70438786512717,,1
N42,21.1802,92.1797,18.63193587723157,,1
N43,21.3168,92.0914,9.467896434159204,,1
N44,21.3148,92.0885,9.167617593614104,,1
N45,21.3117,92.061,6.319056293238634,,0
N46,21.3214,92.1081,11.197456574634618,,1
N47,21.3122,92.0988,10.234764425603998,,1
N48,21.3105,92.0969,10.0380582274729,,1
N49,21.3253,92.0819,8.483324092376202,,0
N50,21.3242,92.0812,8.410880087976205,,0
N51,21.3135,92.0508,5.262362719559532,,0
N52,21.3144,92.0547,5.666328275924625,,0
N53,21.3388,92.1113,11.52755904090913,,1
N54,21.3364,92.1102,11.413816654426832,,1
N55,21.3316,92.1061,10.989524262602444,,1
N56,21.3302,92.1046,10.834262082179848,,1
N57,21.3247,92.0993,10.285684025987097,,1
N58,21.314,92.0952,9.86171692397716,,1
N59,21.3415,92.0802,8.306318269841478,,0
N60,21.3082,92.0972,10.069293474792882,,1
N61,21.3251,92.082,8.493693815735085,,0
N62,21.3018,92.097,10.0490125067956,,1
N63,21.3021,92.0941,9.748558218324138,,1
N64,21.324,92.0981,10.161434196570704,,1
N65,21.3255,92.0862,8.92871232429673,,1
N66,21.3356,92.1132,11.724601547572568,,1
N67,21.3342,92.1066,11.041117105409516,,1
N68,21.3273,92.1075,11.134858418339665,,1
N69,21.3233,92.1022,10.58617254041328,,1
N70,21.3281,92.0863,8.93891208847469,,0
N71,21.3098,92.0551,5.707942726448244,,0
N72,21.3364,92.0795,8.234105561760348,,0
N73,21.3358,92.0732,7.581622560597404,,0
N74,21.3187,92.0542,5.614369263668252,,0
N75,21.3236,92.0467,4.837311683420788,,0
N76,21.313,92.069,7.147721704371413,,0
N77,21.3095,92.0691,7.158251303568497,,1
N78,21.1372,92.2017,20.919049494200024,,1
N79,21.1315,92.1985,20.587957476566256,,1
N80,21.136,92.1897,19.674644777084534,,1
N81,21.1303,92.1918,19.89321020061795,,1
N82,21.1278,92.1892,19.62387300379317,,1
N83,21.1283,92.2064,21.4077890260428,,1
N84,21.126,92.1974,20.47462756789559,,1
N85,21.1265,92.2047,21.23172295138336,,1
N86,21.1255,92.2036,21.11777209592819,,1
N87,21.1244,92.2005,20.796388613296717,,1
N88,21.1204,92.1961,20.340557649687867,,1
N89,21.1156,92.1999,20.735385165290825,,1
N90,21.1113,92.2018,20.933076458105056,,1
N91,21.1175,92.1958,20.30983707233557,,1
N92,21.1099,92.1994,20.684315309592325,,1
N93,21.109,92.1993,20.67406740436058,,1
N94,21.1074,92.1989,20.63279646989384,,1
N95,21.1094,92.2032,21.078570815114983,,1
N96,21.1031,92.2107,21.85749679493061,,1
N97,21.0995,92.2056,21.328952630440256,,1
N98,21.1102,92.1957,20.300463054880343,,1
N99,21.0971,92.2092,21.70276748085503,,1
N100,21.0892,92.2205,22.876265356878314,,1
N101,21.0883,92.2169,22.502911683075276,,1
N102,21.0952,92.17,17.63631817773608,,0
N103,21.0758,92.2148,22.28691556167728,,1
N104,21.0612,92.239,24.800259001825367,,1
N105,21.0586,92.2301,23.87715209389532,,1
N106,21.0579,92.2308,23.949902753999407,,1
N107,21.0578,92.2309,23.96029576092809,,1
N108,21.0574,92.231,23.970737105395855,,1
N109,21.0554,92.2366,24.55217572886052,,1
N110,21.0768,92.1473,15.283243539288138,,1
N111,21.0482,92.2288,23.743911906602666,,1
N112,21.0439,92.2444,25.36354712100449,,1
N113,21.04,92.2406,24.969841478056015,,1
N114,21.0405,92.2404,24.9490014204416,,1
N115,21.04,92.245,25.426480219199053,,1
N116,21.0384,92.237,24.596492159514053,,1
N117,21.0386,92.2284,23.70392954991462,,1
N118,21.0381,92.2414,25.053186264647792,,1
N119,21.0382,92.2285,23.71437147992565,,1
N120,21.0407,92.1761,18.27584626924664,,1
N121,21.0383,92.2284,23.703977288308383,,1
N122,21.0348,92.2358,24.472544352822975,,1
N123,21.0333,92.2491,25.853147185448982,,1
N124,21.0319,92.2321,24.089008110441284,,1
N125,21.0252,92.2487,25.81303561678808,,1
N126,21.0239,92.2464,25.57453741464615,,1
N127,21.0343,92.2359,24.483005030577445,,1
N128,21.0219,92.1964,20.385173351346896,,1
N129,21.0239,92.1951,20.249969294680593,,1
N130,21.0202,92.2536,26.322498419485804,,1
N131,21.0214,92.2466,25.59572517587349,,1
N132,21.0203,92.2467,25.60629353893961,,1
N133,21.0214,92.239,24.8068870799128,,1
N134,21.0174,92.2387,24.77641337499485,,1
N135,21.0151,92.2434,25.26465018738196,,1
N136,21.0141,92.2479,25.731917633081142,,1
N137,21.0094,92.2509,26.044136913690483,,1
N138,21.009,92.2511,26.06496736531748,,1
N139,21.0064,92.2533,26.29379241358533,,1
N140,21.006,92.2537,26.335384981043507,,1
N141,21.0047,92.2548,26.44980113258424,,1
N142,21.005,92.2608,27.072583330079393,,1
N143,21.0024,92.2565,26.62668188224452,,1
N144,21.0046,92.2493,25.87888489395233,,1
N145,21.0021,92.2524,26.201122960199985,,1
N146,21.0002,92.2579,26.772407299635585,,1
N147,21.0016,92.2632,27.32233995170257,,1
N148,21.0005,92.2508,26.035309400797203,,1
N149,20.9974,92.2484,25.78670326538947,,1
N150,20.9964,92.2525,26.212504704174982,,1
N151,20.9965,92.2479,25.73495282307954,,1
N152,20.9955,92.2597,26.960112748251383,,1
N153,20.9953,92.2585,26.83557369482762,,1
N154,20.992,92.2388,24.79101252298373,,1
N155,20.9912,92.2592,26.908981430227392,,1
N156,20.9917,92.2454,25.476242311577415,,1
N157,20.9912,92.2479,25.73586635344249,,1
N158,20.991,92.2493,25.881242709335993,,1
N159,20.9904,92.2511,26.068215587997503,,1
N160,20.9907,92.2573,26.711821433063427,,1
N161,20.9913,92.2454,25.476310554671272,,1
N162,20.9867,92.246,25.53938643520064,,1
N163,20.9794,92.2485,25.800193678019895,,1
N164,20.9768,92.2495,25.90446809034393,,1
N165,20.96,92.2494,25.896995408111454,,1
N166,20.8984,92.247,25.658334174068926,,1
N167,20.89,92.2535,26.335027209825885,,1
N168,20.8785,92.2842,29.52657879643588,,1
N169,20.8758,92.2657,27.60504264944937,,1
N170,20.8747,92.2718,28.23901199904752,,1
N171,20.8728,92.3029,31.47058371893562,,1
N172,20.8708,92.2701,28.063116729126172,,1
N173,20.868,92.303,31.48197903701541,,1
N174,20.8679,92.302,31.37809902438038,,1
N175,20.8743,92.2806,29.153376751285347,,1
N176,20.8671,92.2804,29.13399329994823,,1
N177,20.867,92.2847,29.5807895098656,,1
N178,20.8666,92.2863,29.747111213701196,,1
N179,20.8642,92.2966,30.81779243458182,,1
N180,20.8637,92.2981,30.973750734177784,,1
N181,20.8636,92.3078,31.981639475665546,,1
N182,20.8634,92.2991,31.077716617245,,1
N183,20.8632,92.3007,31.244004697434267,,1
N184,20.8632,92.3012,31.295956801821298,,1
N185,20.8632,92.3033,31.514155639423013,,1
N186,20.8634,92.308,32.00246283801801,,1
N187,20.8649,92.282,29.30066458321955,,1
N188,20.8645,92.2933,30.474850001855405,,1
N189,20.8616,92.3118,32.397686192361256,,1
N190,20.8616,92.3033,31.51449103539449,,1
N191,20.8628,92.291,30.236214308319425,,1
N192,20.8615,92.2896,30.09100822157734,,1
N193,20.8623,92.2852,29.63366682899492,,1
N194,20.8619,92.299,31.067636189543443,,1
N195,20.8594,92.3031,31.49417079786892,,1
N196,20.86,92.3009,31.265450998792456,,1
N197,20.8581,92.303,31.48405230860919,,1
N198,20.8573,92.3026,31.44265649044049,,1
N199,20.8588,92.2994,31.10983964622911,,1
N200,20.8542,92.3002,31.193919596046772,,1
N201,20.8527,92.2971,30.872105146974505,,1
N202,20.8522,92.2944,30.591645878510384,,1
N203,20.8547,92.2938,30.5287913579479,,1
N204,20.852,92.2936,30.508556993631384,,1
N205,20.8602,92.2887,29.997752746040863,,1
N206,20.8506,92.2965,30.810188393503015,,1
N207,20.8484,92.2958,30.73789885192829,,1
N208,20.8456,92.3014,31.320402544226603,,1
N209,20.8524,92.3013,31.308595743052535,,1
N210,20.8455,92.3014,31.320423359082632,,1
N211,20.8436,92.3027,31.4559118972262,,1
N212,20.8447,92.3006,31.23745628255058,,1
N213,20.843,92.3106,32.276990793107196,,1
N214,20.8428,92.3098,32.19389904899758,,1
N215,20.8417,92.2971,30.874362286058226,,1
N216,20.8413,92.2955,30.70817339978833,,1
N217,20.8379,92.3091,32.12220197470723,,1
N218,20.8406,92.2957,30.72910018598127,,1
N219,20.8386,92.3118,32.40263983562594,,1
N220,20.83,92.3132,32.5499887146448,,1
N221,20.8291,92.3178,33.02825091134998,,1
N222,20.8302,92.3152,32.75779947767617,,1
N223,20.8288,92.3132,32.5502480797836,,1
N224,20.8287,92.2932,30.47170900288362,,1
N225,20.8395,92.2833,29.44070952201685,,1
N226,20.8266,92.3128,32.509151753220365,,1
N227,20.8284,92.2912,30.263913211588907,,1
N228,20.8265,92.3127,32.49878038159065,,1
N229,20.8252,92.3057,31.77154773201884,,1
N230,20.8253,92.3057,31.7715266398466,,1
N231,20.8251,92.3131,32.540654647526544,,1
N232,20.826,92.3234,33.610938117219035,,1
N233,20.8234,92.3065,31.855072727038063,,1
N234,20.825,92.3131,32.54067625007529,,1
N235,20.8222,92.3112,32.343809299689354,,1
N236,20.8232,92.3075,31.95904684628483,,1
N237,20.8217,92.3109,32.312736783144615,,1
N238,20.8212,92.3063,31.83475126454794,,1
N239,20.8256,92.2998,31.158275337727147,,1
N240,20.8233,92.297,30.86774214405778,,1
N241,20.8226,92.3134,32.572374353593865,,1
N242,20.8211,92.3063,31.83477239414224,,1
N243,20.8196,92.3095,32.16767912306719,,1
N244,20.8198,92.3072,31.92858782650615,,1
N245,20.8194,92.3055,31.751984022390296,,1
N246,20.8205,92.3032,31.512704725724824,,1
N247,20.8172,92.3094,32.15779786996134,,1
N248,20.8173,92.3066,31.866756016364523,,1
N249,20.819,92.304,31.59616622304992,,1
N250,20.8205,92.2945,30.608481593373018,,1
N251,20.8179,92.2991,31.087112993424316,,1
N252,20.8174,92.3116,32.386414012444,,1
N253,20.8153,92.3155,32.79222068676062,,1
N254,20.8152,92.3169,32.937754726178426,,1
N255,20.8152,92.3133,32.56358028789989,,1
N256,20.8154,92.3132,32.55314335388446,,1
N257,20.8139,92.3194,33.19788442955282,,1
N258,20.8171,92.3049,31.690107047259087,,1
N259,20.8129,92.3272,34.00882831812625,,1
N260,20.8113,92.324,33.67658121378209,,1
N261,20.8114,92.3224,33.510254934324735,,1
N262,20.8108,92.3193,33.18817314767713,,1
N263,20.8097,92.3218,33.44826815371039,,1
N264,20.8078,92.3148,32.721092573278575,,1
N265,20.807,92.3129,32.52377449430731,,1
N266,20.8039,92.3209,33.356004218767694,,1
N267,20.804,92.3161,32.85704578768125,,1
N268,20.8039,92.3163,32.8778566030234,,1
N269,20.8077,92.3189,33.14727858689306,,1
N270,20.8037,92.3183,33.085790751389766,,1
N271,20.7675,92.3394,35.287497573115395,,1
N272,20.7659,92.3339,34.71602910432133,,1
N273,20.7981,92.319,33.1597836146463,,1
N274,20.7612,92.3238,33.66696602126343,,1
N275,20.7605,92.3282,34.124612020270796,,1
N276,20.7589,92.3275,34.05218996199802,,1
N277,20.7588,92.3277,34.07300772658332,,1
N278,20.7586,92.3285,34.156233867185385,,1
N279,20.7631,92.3335,34.6750830761331,,1
N280,20.7585,92.3278,34.08347298874972,,1
N281,20.7584,92.3402,35.37280362522633,,1
N282,20.7579,92.3264,33.93804074618082,,1
N283,20.752,92.3375,35.09355272045788,,1
N284,20.7489,92.332,34.52236566221845,,1
N285,21.1246,92.1929,20.008069690813567,,1
N286,21.126,92.1909,19.800437786102524,,1
N287,21.1232,92.1943,20.15347142167555,,1
N288,21.0984,92.2124,22.034548038348102,,1
N289,21.0838,92.2187,22.690344954193904,,1
N290,21.0779,92.2213,22.96100894582046,,1
N291,21.0517,92.2314,24.01316448250705,,1
N292,21.0419,92.2399,24.89687680288442,,1
N293,21.0366,92.2421,25.126087260643672,,1
N294,21.0262,92.2461,25.543005473583655,,1
N295,21.0233,92.2464,25.57464034648242,,1
N296,21.0091,92.251,26.054569589857387,,1
N297,21.0092,92.2463,25.566678139609095,,1
N298,21.0094,92.2458,25.514742446558365,,1
N299,21.0111,92.2427,25.192666562930757,,1
N300,21.0138,92.2432,25.244110444250406,,1
N301,20.9967,92.2582,26.80417854164026,,1
N302,21.0024,92.2615,27.145720400796385,,1
N303,20.999,92.2609,27.08405274164394,,1
N304,20.9995,92.2624,27.239676597857123,,1
N305,21.0135,92.259,26.884200949857348,,1
N306,21.012,92.2572,26.697629460065777,,1
N307,21.0136,92.235,24.39298497971162,,1
N308,21.0155,92.2267,23.531145890071286,,1
N309,20.9756,92.2567,26.652225708356575,,1
N310,20.9781,92.2576,26.74522198373282,,1
N311,20.9263,92.2689,27.928106378053336,,1
N312,20.961,92.2557,26.550992055650543,,1
N313,20.9057,92.2375,24.670274913752664,,1
N314,20.8861,92.2574,26.74087601003527,,1
N315,20.8819,92.2605,27.063686925056587,,1
N316,20.8831,92.2596,26.96996926239232,,1
N317,20.8713,92.2697,28.02146390658357,,1
N318,20.8675,92.2826,29.3624984971496,,1
N319,20.8628,92.3083,32.03376190953223,,1
N320,20.8616,92.3084,32.044408132253544,,1
N321,20.8654,92.3031,31.49291389234646,,1
N322,20.8574,92.3044,31.62967037063865,,1
N323,20.853,92.3048,31.67216025182314,,1
N324,20.8528,92.2974,30.903258041200804,,1
N325,20.8533,92.299,31.069412993802104,,1
N326,20.8449,92.3066,31.86091587092278,,1
N327,20.8412,92.3058,31.77856369397202,,1
N328,20.8469,92.2957,30.727813755939692,,1
N329,20.8438,92.2953,30.68687976239091,,1
N330,20.8367,92.2966,30.823426624771884,,1
N331,20.8359,92.2966,30.8235904222052,,1
N332,20.837,92.3049,31.685920343494796,,1
N333,20.8265,92.3053,31.729701705468095,,1
N334,20.8333,92.3048,31.67630657920768,,1
N335,20.829,92.305,31.69799668264976,,1
N336,20.8288,92.3131,32.539855283539346,,1
N337,20.828,92.313,32.52963527904169,,1
N338,21.0561,92.1623,16.841925494529224,,1
N339,21.0069,92.2029,21.06195342730227,,1
N340,21.0172,92.2209,22.9288526514402,,1
N341,21.0426,92.1816,18.846401661911088,,1
N342,20.8416,92.2752,28.598553745314735,,1
N343,20.8427,92.281,29.20107130830955,,1
N344,20.8459,92.2868,29.803164115478666,,1
N345,20.8353,92.2967,30.834105614466782,,1
N346,20.8316,92.2976,30.92839676545433,,1
N347,20.8303,92.2984,31.011805313705626,,1
N348,20.8182,92.3085,32.064042720201435,,1
N349,20.8159,92.3104,32.26201213897753,,1
N350,20.8151,92.3108,32.30375835971,,1
N351,20.82,92.3147,32.7080507049987,,1
N352,20.8192,92.3151,32.749798199170115,,1
N353,20.8139,92.3177,33.02118942258979,,1
N354,20.8104,92.3183,33.08432055779974,,1
N355,20.8092,92.3187,33.12616050139777,,1
N356,20.8037,92.317,32.95066189776691,,1
N357,20.8031,92.3178,33.03394954572008,,1
N358,20.7647,92.3347,34.79948249789784,,1
N359,20.7554,92.3301,34.32332252272858,,1
N360,20.7528,92.331,34.41749503717677,,1
N366,21.1166,92.2025,21.004938403469566,,1
N367,21.1061,92.2067,21.442113423860995,,1
N368,21.091,92.2161,22.419505952597,,1
N369,21.1141,92.2011,20.86007058716225,,1
N372,20.8818,92.2606,27.07409408115619,,1
N373,20.973,92.2557,26.548861210597615,,1
N374,20.976,92.2499,25.946137184802883,,1
N375,20.9746,92.2504,25.998293751608635,,1
N377,20.8496,92.284,29.51147308974869,,1
N378,20.8658,92.2901,30.142098718246405,,1
N379,20.8625,92.2891,30.038855723390895,,1
N380,21.0093,92.2536,26.324422215257027,,1
N381,21.0011,92.2576,26.741103281756907,,1
N382,21.0058,92.2593,26.91673017953879,,1
N383,21.0365,92.1874,19.449120587455397,,1
N384,21.0415,92.1902,19.739053153100375,,1
N387,20.8348,92.2938,30.532828918635627,,1
N388,21.0104,92.2527,26.23080618825184,,1
N389,21.1042,92.2009,20.84071475459372,,1
N390,21.1011,92.1883,19.534039630268804,,1
N391,20.7453,92.3293,34.242426584932986,,1
N392,20.8611,92.298,30.963895842293727,,1
N393,20.8191,92.3122,32.448409435616426,,1
N394,20.8194,92.3131,32.541885834599434,,1
N395,20.7513,92.3284,34.147484960934094,,1
N396,20.7557,92.3274,34.042512956738,,1
N397,20.8315,92.292,30.346431118390353,,1
N398,20.8359,92.2891,30.044167410377263,,1
N399,21.1549,92.2062,21.38320578351518,,0
N400,21.1438,92.2034,21.094423110993684,,1
N401,20.8697,92.3088,32.08424126739402,,1
N402,20.8593,92.3134,32.56443283243116,,1
N403,21.0806,92.204,21.165661099185424,,1
N404,21.0817,92.2094,21.72576772877327,,1
N405,21.0701,92.2601,26.98812267674015,,0
N406,21.0652,92.2559,26.55320316872781,,0
N407,21.0018,92.2485,25.796323946807956,,1
N408,20.9774,92.2601,27.004909975734833,,1
N409,20.8689,92.2872,29.840166239640343,,1
N410,20.8577,92.3018,31.359446446270717,,1
N411,20.8828,92.2572,26.72068553623878,,1
N412,20.8198,92.3194,33.196584722603625,,1
N413,21.0086,92.2548,26.449109799405623,,1
N414,20.865,92.3095,32.157976659939216,,1
N415,20.7518,92.3428,35.64469841414111,,1
N416,20.7442,92.3435,35.71927994283326,,0
N417,20.8279,92.3076,31.96844252187499,,1
N418,21.082,92.1981,20.553323458789293,,1
N419,20.7593,92.3416,35.51815918835019,,1
N420,21.0067,92.2442,25.349116639924304,,1
N421,21.0569,92.2289,23.75290115694176,,1
N422,20.905,92.2362,24.53535214149017,,1
N424,21.141,92.1619,16.790814799180406,,1
N425,21.1421,92.1646,17.07070780363386,,1
N426,20.9001,92.2433,25.273692290788755,,1
N427,20.8992,92.242,25.13880076867437,,1
N428,20.9096,92.2356,24.47227638846033,,1
N429,20.9088,92.2342,24.326985186320194,,1
N430,20.9072,92.2364,24.55576703646511,,1
N431,20.9067,92.2348,24.389650286520578,,1
N432,20.9046,92.2385,24.774331411575417,,1
N433,20.9035,92.2369,24.60831092365971,,1
N434,20.9029,92.2399,24.920039630106427,,1
N435,20.902,92.2383,24.753985312307847,,1
N442,21.026,92.1935,20.083617950615658,,1
N443,21.026,92.1915,19.876035361145835,,1
N450,21.0351,92.1884,19.553088311428898,,1
N451,21.0351,92.1866,19.366275387154268,,1
N452,21.0185,92.197,20.44791610851132,,1
N453,21.0172,92.1952,20.26125901177694,,1
N454,21.0165,92.1975,20.50008930387519,,1
N455,21.0156,92.1963,20.375654777111663,,1
N460,21.0356,92.1882,19.532265768947894,,1
N461,21.0371,92.1904,19.76039294874356,,1
N462,21.0352,92.1885,19.56345367623964,,1
N463,21.0333,92.188,19.511810048559727,,1
N464,21.0271,92.1929,20.02119541938039,,1
N465,21.0279,92.1943,20.16639391699473,,1
N466,21.0411,92.1831,19.002262642297627,,1
N467,21.0414,92.1849,19.189029392177865,,1
N468,21.0501,92.1691,17.54827106184937,,1
N469,21.0509,92.1702,17.66232810578816,,1
N470,21.0696,92.1498,15.543385886403051,,1
N471,21.0704,92.1515,15.719694876227148,,1
N472,21.0681,92.1517,15.740690374856843,,1
N473,21.0671,92.1494,15.50214209434638,,1
N474,21.0503,92.1683,17.4652279911821,,1
N475,21.0489,92.1673,17.36161688698511,,1
N476,21.0538,92.1629,16.904448921251234,,1
N477,21.0543,92.1647,17.091180981146252,,1
N478,21.0577,92.1622,16.831367501065504,,1
N479,21.0583,92.1634,16.955822188584055,,1
N480,21.0513,92.1655,17.1745443865395,,1
N481,21.0521,92.1668,17.30935713652792,,1
N482,21.0519,92.1634,16.956551327405162,,1
N483,21.052,92.1618,16.79050283978728,,1
N484,21.0508,92.167,17.33026310382751,,1
N485,21.0517,92.1679,17.423554382179056,,1
N486,21.0516,92.164,17.018849578967366,,1
N487,21.0507,92.1631,16.925555789953286,,1
N488,21.0718,92.1481,15.36676500113778,,1
N489,21.0712,92.1471,15.263067206540317,,1
N490,21.0491,92.1712,17.76631686630696,,1
N491,21.0499,92.1724,17.890750974612942,,1
N492,21.051,92.1663,17.257598103460154,,1
N493,21.0497,92.1655,17.174728975447085,,1
N494,21.0837,92.1561,16.195543517273727,,1
N495,21.0832,92.1589,16.486101982510377,,1
N496,21.0832,92.1574,16.330474852542135,,1
N497,21.0814,92.1563,16.21654469185445,,1
N498,21.0876,92.1485,15.406631009375731,,1
N499,21.0897,92.1487,15.427162623067906,,1
N500,21.0836,92.1553,16.11255350227812,,1
N501,21.0849,92.153,15.87378701416511,,1
N502,21.0754,92.1472,15.27301177302542,,1
N503,21.0742,92.1455,15.096746946137404,,1
N504,21.0733,92.1471,15.262851656730296,,1
N505,21.0725,92.1462,15.169550772479807,,1
N506,21.076,92.1471,15.262574491132645,,1
N507,21.0772,92.1437,14.909682221135418,,1
N508,21.0883,92.1444,14.981192194080986,,1
N509,21.0877,92.1477,15.323622016437836,,1
N510,21.0836,92.1556,16.143678844627544,,1
N511,21.0858,92.1555,16.1330648869115,,1
N512,21.0819,92.1402,14.546077639783402,,1
N513,21.0824,92.1436,14.898785439049558,,1
N514,21.08,92.1413,14.660392608556444,,1
N515,21.0856,92.1435,14.888089651973214,,1
N518,20.8177,92.3043,31.627619497074075,,1
N519,20.8172,92.3029,31.482214081956204,,1
N520,20.8217,92.3024,31.42930744584933,,1
N521,20.8212,92.3004,31.22154533061004,,1
N522,20.821,92.3141,32.64547361468984,,1
N523,20.8211,92.316,32.842925168691046,,1
N524,20.8236,92.3132,32.55137183039162,,1
N525,20.8237,92.3151,32.74882003645012,,1
N526,20.7949,92.3206,33.32680913717652,,1
N527,20.7966,92.3221,33.48235884840972,,1
N528,20.7572,92.3248,33.77183424008277,,1
N529,20.7519,92.3271,34.01217425956225,,1
N530,20.7706,92.3312,34.43423538073131,,1
N531,20.7744,92.333,34.620506932228935,,1
N532,20.7605,92.3376,35.101977157408946,,1
N533,20.7579,92.3348,34.81144589830041,,1
N534,20.7582,92.3405,35.40404340435808,,1
N535,20.755,92.3399,35.34240554271282,,1
N536,20.8155,92.3107,32.2932789088105,,1
N537,20.8162,92.3119,32.41785290004039,,1
N538,20.8201,92.3071,31.91813085829152,,1
N539,20.8204,92.3083,32.042787818182276,,1
N540,20.8191,92.3078,31.991096950568664,,1
N541,20.8191,92.3088,32.09503160678849,,1
N542,20.8183,92.3271,33.99721625538002,,1
N543,20.8176,92.3217,33.4361214803266,,1
N544,20.8195,92.3074,31.949438273292717,,1
N545,20.8197,92.3085,32.06372353205977,,1
N546,20.8176,92.309,32.11613823465579,,1
N547,20.8177,92.3105,32.27202035435902,,1
N548,20.8168,92.3097,32.189064100141415,,1
N549,20.8167,92.3083,32.043574624058344,,1
N550,20.8053,92.3143,32.669663023304985,,1
N551,20.8053,92.3122,32.45138026523651,,1
N552,20.8236,92.3008,31.26262058159971,,1
N553,20.8232,92.2991,31.086019479177057,,1
N554,21.1526,92.1566,16.239874586513743,,1
N555,21.1523,92.1559,16.16731531384618,,1
N556,21.1522,92.1568,16.26065908872395,,1
N557,21.1524,92.1575,16.33322925125396,,1
N558,21.1517,92.1571,16.291825049159893,,1
N559,21.1511,92.1562,16.19855750683602,,1
N560,21.147,92.1589,16.47901433237601,,1
N561,21.1462,92.1582,16.40650816939931,,1
N562,21.1396,92.1623,16.832458242363437,,1
N563,21.1396,92.1614,16.73911744685205,,1
N564,21.1507,92.1575,16.33341675155437,,1
N565,21.15,92.1566,16.240159709803784,,1
N566,21.1505,92.1576,16.343809245956372,,1
N567,21.1506,92.1583,16.416391216376915,,1
N568,21.1494,92.1582,16.40615371899694,,1
N569,21.1483,92.1569,16.27145789013437,,1
N570,21.1482,92.1585,16.437398436468005,,1
N571,21.1475,92.1574,16.323399007736885,,1
N572,21.1489,92.1583,16.416579653758582,,1
N573,21.1492,92.1589,16.478769566159542,,1
N574,21.1466,92.1592,16.51017096132401,,1
N575,21.1468,92.1601,16.603484928969404,,1
N576,21.1452,92.1597,16.562181037951024,,1
N577,21.1446,92.1588,16.468910472798303,,1
N578,21.1434,92.1608,16.67646254391348,,1
N579,21.1429,92.1598,16.572809139778208,,1
N580,21.1424,92.1615,16.74917212988968,,1
N581,21.1417,92.1603,16.62479863239565,,1
N582,21.1432,92.1659,17.20540337856938,,1
N583,21.1429,92.1677,17.392115649979825,,1
N584,21.1082,92.1853,19.22190352819628,,1
N585,21.1105,92.1818,18.858542435958004,,1
N586,21.112,92.1894,19.64670966690194,,1
N587,21.1101,92.1893,19.63658794734847,,1
N588,21.1083,92.1993,20.674164911532753,,1
N589,21.1097,92.2013,20.88143569590324,,1
N590,21.1201,92.1961,20.34059878906914,,1
N591,21.1192,92.1941,20.133269683058003,,1
N592,21.1099,92.2026,21.01626014467485,,1
N593,21.1081,92.2016,20.91278101423921,,1
N594,21.1124,92.1886,19.563671895091545,,1
N595,21.1111,92.1866,19.356379432084022,,1
N596,21.113,92.1841,19.096805103997657,,1
N597,21.1116,92.1848,19.169597378060573,,1
N598,21.1083,92.2045,21.213581082763856,,1
N599,21.1067,92.2033,21.089327763212257,,1
N600,21.1074,92.2051,21.275950419950412,,1
N601,21.1059,92.2042,21.18280342487775,,1
N602,21.1068,92.206,21.369397857760426,,1
N603,21.1058,92.2052,21.286553320833654,,1
N604,21.1027,92.2111,21.89905080135534,,1
N605,21.1034,92.2117,21.961189928022225,,1
N606,21.1052,92.208,21.577100285204267,,1
N607,21.1039,92.2073,21.504673372825593,,1
N608,21.0997,92.2122,22.013607157354,,1
N609,21.0991,92.2112,21.909955801711376,,1
N610,21.0974,92.2124,22.03469641810306,,1
N611,21.097,92.212,21.993259059072052,,1
N612,21.0964,92.2131,22.107464325297787,,1
N613,21.096,92.2126,22.055652632705343,,1
N614,21.0957,92.2136,22.159439864956894,,1
N615,21.0951,92.2131,22.107657835871663,,1
N616,21.0947,92.2143,22.232209429991325,,1
N617,21.094,92.2137,22.170067887445544,,1
N618,21.099,92.2048,21.246032147945765,,1
N619,21.0992,92.2031,21.06964512856687,,1
N620,21.0941,92.2146,22.263422379364396,,1
N621,21.0945,92.2159,22.398228996219935,,1
N622,21.0936,92.2152,22.325743812133645,,1
N623,21.0928,92.2143,22.232493820028047,,1
N624,21.0935,92.215,22.305009999401975,,1
N625,21.093,92.2142,22.22208942876991,,1
N626,21.0915,92.216,22.409055931700156,,1
N627,21.0913,92.2146,22.26384204723597,,1
N628,21.0908,92.2163,22.440285356386152,,1
N629,21.0903,92.2152,22.326239786742764,,1
N630,21.0898,92.2166,22.471560448836993,,1
N631,21.0893,92.2156,22.36788892741829,,1
N632,21.33,92.1348,13.962337491839971,,1
N633,21.3304,92.1356,14.045161734611158,,1
N634,21.3217,92.1247,12.916928511989257,,1
N635,21.2989,92.1364,14.131054993733065,,1
N636,21.3129,92.1109,11.488157489241466,,1
N637,21.3098,92.1073,11.115467256710708,,1
N638,21.3063,92.1024,10.608117141656908,,1
N639,21.2986,92.1541,15.964809390799216,,1
N640,21.2988,92.1432,14.835545788613688,,1
N641,21.2988,92.1433,14.845905805910336,,1
N642,21.2986,92.1341,13.8928031146701,,1
N643,21.2972,92.1479,15.322633408700318,,1
N644,21.2987,92.1432,14.835555883195475,,1
N645,21.2963,92.1051,10.888564309833452,,1
N646,21.2967,92.1404,14.545673135636418,,1
N647,21.2935,92.1494,15.47842496998692,,1
N648,21.2914,92.1394,14.4425921878604,,1
N649,21.3025,92.0997,10.32867807426032,,1
N650,21.2911,92.149,15.4372354166773,,1
N651,21.2954,92.1038,10.753947633475242,,1
N652,21.2887,92.1241,12.857665825903624,,1
N653,21.2887,92.1242,12.868026555285269,,1
N654,21.2874,92.1804,18.690921473356035,,0
N655,21.2878,92.1391,14.411863426688136,,1
N656,21.2877,92.1354,14.028523639888236,,1
N657,21.2878,92.1337,13.852380624708942,,1
N658,21.2916,92.1003,10.391607235045404,,1
N659,21.2865,92.1341,13.8939466217947,,1
N660,21.2865,92.1199,12.422701044026295,,1
N661,21.2859,92.1482,15.354893934456555,,1
N662,21.2889,92.0833,8.630476403432082,,1
N663,21.2855,92.132,13.676461049626925,,1
N664,21.2919,92.0896,9.283012078652233,,1
N665,21.2925,92.1321,13.686170441187429,,1
N666,21.2867,92.1105,11.44876233061477,,1
N667,21.296,92.103,10.671022015095664,,1
N668,21.2847,92.1389,14.391445206964123,,1
N669,21.2853,92.1165,12.070529464617357,,1
N670,21.2839,92.1238,12.827002301166768,,1
N671,21.2835,92.1314,13.614480458294022,,1
N672,21.2836,92.1222,12.661251045321842,,1
N673,21.2833,92.1214,12.578387991460604,,1
N674,21.2825,92.1651,17.106285906770168,,1
N675,21.2827,92.1483,15.365589175424937,,1
N676,21.2827,92.1482,15.355228023672746,,1
N677,21.2824,92.1625,16.836907048246438,,1
N678,21.2828,92.1544,15.997608552959418,,1
N679,21.2821,92.1658,17.17886078214189,,1
N680,21.2823,92.1205,12.48522288592466,,1
N681,21.2827,92.119,12.329771650857529,,1
N682,21.2818,92.1485,15.38640562307328,,1
N683,21.2824,92.1663,17.23063160783859,,1
N684,21.2833,92.1087,11.262527029270071,,1
N685,21.2814,92.1713,17.748810898312673,,1
N686,21.282,92.1058,10.962151724436623,,1
N687,21.2817,92.0687,7.118160374119865,,1
N688,21.2804,92.1114,11.542504561190496,,1
N689,21.2848,92.1139,11.801184390576587,,1
N690,21.2802,92.1429,14.806338619494504,,1
N691,21.2799,92.1393,14.433360247462238,,1
N692,21.2796,92.1489,15.428081217639589,,1
N693,21.2724,92.1034,10.714181950588491,,1
N694,21.2842,92.0977,10.122742978471155,,1
N695,21.2804,92.0814,8.434110236681237,,1
N696,21.2792,92.1344,13.925720402023629,,1
N697,21.2861,92.0878,9.096881822777275,,1
N698,21.2785,92.1311,13.583858885017689,,1
N699,21.2793,92.065,6.734904998384376,,1
N700,21.2797,92.0856,8.869327651303083,,1
N701,21.2784,92.1168,12.10218005805753,,1
N702,21.2806,92.1167,12.091637775560605,,1
N703,21.2802,92.1059,10.972647193394083,,1
N704,21.2813,92.1058,10.962203891492011,,1
N705,21.2779,92.1143,11.843183930790165,,1
N706,21.2811,92.1056,10.941496266032273,,1
N707,21.279,92.0876,9.07659811630286,,1
N708,21.2769,92.1118,11.584225408611887,,1
N709,21.275,92.1237,12.817416640292825,,1
N710,21.2749,92.1234,12.786340246610012,,1
N711,21.2748,92.1216,12.599838182968504,,1
N712,21.2741,92.1167,12.092171986974904,,1
N713,21.2734,92.1135,11.760651678359828,,1
N714,21.2728,92.1036,10.734876527992135,,1
N715,21.2725,92.1082,11.211544461794023,,1
N716,21.2779,92.0904,9.366787717395612,,1
N717,21.2718,92.1112,11.522455386533329,,1
N718,21.2724,92.0967,10.019936140643564,,1
N719,21.2724,92.1085,11.242637713154611,,1
N720,21.2713,92.1357,14.06117349196861,,1
N721,21.2714,92.1348,13.967906408171656,,1
N722,21.2713,92.1327,13.750314848150012,,1
N723,21.2712,92.1309,13.56380887742004,,1
N724,21.2718,92.1113,11.532817306416389,,1
N725,21.2708,92.1125,11.657239551943992,,1
N726,21.2712,92.1294,13.408379449067162,,1
N727,21.271,92.1097,11.3670883769465,,1
N728,21.2696,92.1427,14.78668111458522,,1
N729,21.2694,92.144,14.921408356477494,,1
N730,21.2694,92.1444,14.962856710139413,,1
N731,21.2692,92.1312,13.59507949994055,,1
N732,21.2689,92.1503,15.574272829046636,,1
N733,21.2688,92.1493,15.470662104245177,,1
N734,21.2708,92.1126,11.667601542218224,,1
N735,21.2691,92.1233,12.776482064182249,,1
N736,21.2685,92.1183,12.258426540058355,,1
N737,21.2685,92.1195,12.38277236550169,,1
N738,21.2687,92.1217,12.610722576876457,,1
N739,21.267,92.1501,15.553749343444006,,1
N740,21.2676,92.1012,10.48656262579128,,1
N741,21.2675,92.1012,10.486569749704772,,1
N742,21.2689,92.1139,11.802459771920397,,1
N743,21.2703,92.1113,11.5329348483199,,1
N744,21.2656,92.1433,14.849257062407377,,1
N745,21.2677,92.1078,11.17046126971212,,1
N746,21.2641,92.1337,13.8546120455648,,1
N747,21.2639,92.133,13.782093535951814,,1
N748,21.2702,92.1128,11.688373171999036,,1
N749,21.2668,92.1098,11.377775003659975,,1
N750,21.2629,92.1596,16.538624356851148,,1
N751,21.2673,92.1145,11.86476148176131,,1
N752,21.2639,92.114,11.813223123366036,,1
N753,21.2633,92.1183,12.258859546256032,,1
N754,21.2618,92.1292,13.388510411057547,,1
N755,21.2702,92.1258,13.03543738847012,,1
N756,21.2662,92.1233,12.776733774599917,,1
N757,21.263,92.1188,12.310697220615374,,1
N758,21.2604,92.1562,16.186572619312194,,1
N759,21.2618,92.1206,12.49732477835196,,1
N760,21.2609,92.1031,10.683930914959992,,1
N761,21.2641,92.1096,11.357258751365109,,1
N762,21.2659,92.1502,15.564227900644168,,1
N763,21.2595,92.1414,14.652979343380236,,1
N764,21.259,92.1587,16.4457970086695,,1
N765,21.2653,92.1073,11.118831497992137,,1
N766,21.2578,92.1498,15.523632495300076,,1
N767,21.2568,92.1496,15.503011947422795,,1
N768,21.2561,92.1494,15.482359579004935,,1
N769,21.2593,92.1238,12.829146538134472,,1
N770,21.2587,92.1244,12.891375857842515,,1
N771,21.256,92.136,14.093723867082703,,1
N772,21.2562,92.1309,13.565190833076436,,1
N773,21.2559,92.118,12.228386456630668,,1
N774,21.2556,92.1311,13.585972211620652,,1
N775,21.2559,92.1278,13.243964261673886,,1
N776,21.2559,92.0992,10.280135125091563,,1
N777,21.2546,92.1201,12.446120119188697,,1
N778,21.2554,92.1284,13.306187663328494,,1
N779,21.2534,92.149,15.441190515666031,,1
N780,21.2537,92.1302,13.492878714087851,,1
N781,21.2535,92.1287,13.337448919459128,,1
N782,21.2533,92.1308,13.55509468227834,,1
N783,21.2528,92.1315,13.62768348797756,,1
N784,21.2505,92.1345,13.938798801436995,,1
N785,21.2511,92.1336,13.84547164858148,,1
N786,21.2503,92.1407,14.581350543068362,,1
N787,21.2499,92.1489,15.43119390026391,,1
N788,21.2492,92.1631,16.902885586794376,,1
N789,21.2499,92.1353,14.021763251579875,,1
N790,21.2491,92.1362,14.115111037949578,,1
N791,21.2561,92.0633,6.559795122433103,,1
N792,21.2482,92.1374,14.239560217898497,,1
N793,21.2486,92.1368,14.177340249373856,,1
N794,21.2658,92.0612,6.341753824735115,,1
N795,21.247,92.1752,18.15714132215613,,1
N796,21.2558,92.118,12.228394758812682,,1
N797,21.2474,92.1383,14.332910255872749,,1
N798,21.2446,92.163,16.893049405869824,,1
N799,21.2467,92.1232,12.7680617741386,,1
N800,21.243,92.157,16.27139606090961,,1
N801,21.249,92.1318,13.659125558531704,,1
N802,21.2438,92.1428,14.799635426344196,,1
N803,21.2453,92.1408,14.592209113381722,,1
N804,21.2443,92.1265,13.110276916901446,,1
N805,21.2451,92.1248,12.934021176752095,,1
N806,21.2441,92.1263,13.089566970473646,,1
N807,21.243,92.1283,13.29694358660476,,1
N808,21.2454,92.1204,12.477988641282357,,1
N809,21.2429,92.1285,13.317680514522223,,1
N810,21.2414,92.1462,15.152254397165311,,1
N811,21.2428,92.1443,14.95519523961108,,1
N812,21.24,92.1479,15.32858897219669,,1
N813,21.2399,92.1353,14.022714720593449,,1
N814,21.2412,92.1313,13.608028149533345,,1
N815,21.2399,92.148,15.338963534438534,,1
N816,21.2366,92.1583,16.40683964714073,,1
N817,21.2382,92.1502,15.567154652916567,,1
N818,21.2384,92.1499,15.536040726513232,,1
N819,21.2392,92.1526,15.815790168224806,,1
N820,21.2367,92.1526,15.816058366458222,,1
N821,21.2324,92.1336,13.847228291511634,,1
N822,21.2393,92.0587,6.083789539913418,,1
N823,21.2312,92.0585,6.063394206703854,,1
N824,21.2228,92.0587,6.0844702287671355,,1
N825,21.2204,92.1789,18.543941694603685,,1
N826,21.2194,92.0582,6.032782402305913,,1
N827,21.217,92.1711,17.735838678831527,,1
N828,21.2352,92.1615,16.738659242254137,,1
N829,21.2128,92.0579,6.001953970563108,,1
N830,21.2063,92.0589,6.10588346359568,,1
N831,21.206,92.0589,6.105895868031472,,1
N832,21.1991,92.0587,6.08544706254878,,1
N833,21.1948,92.1298,13.456797296634363,,0
N834,21.1954,92.0583,6.04413030889808,,1
N835,21.1889,92.0586,6.075499405235195,,0
N836,21.1844,92.0878,9.103158415959491,,0
N837,21.1815,92.1707,17.69862831763637,,1
N838,21.1782,92.1728,17.916761698915888,,1
N839,21.1726,92.1658,17.19161791830177,,1
N840,21.1734,92.1764,18.29062112034027,,1
N841,21.1716,92.1769,18.342688473447343,,1
N842,21.171,92.1772,18.373869867458662,,1
N843,21.1724,92.1656,17.170903357471918,,1
N844,21.1654,92.1728,17.918312023926596,,1
N845,21.1621,92.1825,18.924565065192382,,1
N846,21.1617,92.172,17.83580278406564,,1
N847,21.1684,92.1634,16.943245604923113,,1
N848,21.158,92.1663,17.24516368192738,,1
N849,21.1604,92.1646,17.068598458963116,,1
N850,21.1613,92.175,18.146941377955574,,1
N851,21.1564,92.1674,17.35942031470429,,1
N852,21.1548,92.1679,17.411458588225948,,1
N853,21.1547,92.1737,18.012938591308433,,1
N854,21.1529,92.1873,19.423514014181553,,1
N855,21.1543,92.1952,20.24257378095291,,1
N856,21.1527,92.1855,19.23687517372004,,1
N857,21.1526,92.1845,19.13318527512646,,1
N858,21.1531,92.1832,18.998307369015173,,1
N859,21.1494,92.2043,21.186960254386108,,1
N860,21.1477,92.1999,20.730895640460492,,1
N861,21.1508,92.1944,20.1600889163567,,1
N862,21.1464,92.1967,20.3992144554664,,1
N863,21.1476,92.1776,18.41825714190661,,1
N864,21.1433,92.172,17.83801912929869,,1
N865,21.1411,92.1907,19.777678613167115,,1
N866,21.1412,92.1765,18.304970893213632,,1
N867,21.1409,92.1774,18.398347929779916,,1
N868,21.1455,92.183,18.978540713542547,,1
N869,21.1395,92.1866,19.352672727856337,,1
N870,21.1345,92.0946,9.811493492674431,,1
N871,21.1391,92.1866,19.35272496797319,,1
N872,21.1239,92.1028,10.662723500485,,1
N873,21.1086,92.1154,11.970867597122256,,1
N874,21.0977,92.1275,13.227016248595852,,1
N875,21.0974,92.1277,13.247791270673634,,1
N876,21.0819,92.1437,14.909210794764345,,1
N877,21.0811,92.1443,14.971542777526656,,1
N878,21.2805,92.1443,14.951366719101967,,1
N879,21.2814,92.1462,15.14813886695055,,1
N880,21.28,92.1415,14.661299961192956,,1
N881,21.2938,92.1499,15.530195230412474,,1
N882,21.2987,92.1433,14.84591590754142,,1
N883,21.2958,92.1468,15.208816840881466,,1
N884,21.2916,92.1555,16.110617017599736,,1
N885,21.2875,92.1748,18.110703229608156,,1
N886,21.2869,92.1482,15.354789521753975,,1
N887,21.2888,92.1487,15.406394734688185,,1
N888,21.299,92.1316,13.633765218519404,,1
N889,21.2964,92.1308,13.551124912490652,,1
N890,21.3003,92.1255,13.001689997001534,,1
N891,21.3022,92.1171,12.13130054399432,,1
N892,21.3013,92.1211,12.545768501766382,,1
N893,21.3033,92.1123,11.633944105267808,,1
N894,21.3204,92.1221,12.647722053261663,,1
N895,21.3245,92.1187,12.29518981799925,,1
N896,21.3206,92.1222,12.6580633022285,,1
N897,21.315,92.1139,11.79875946582226,,1
N898,21.2978,92.1442,14.939247610211138,,1
N899,21.293,92.1314,13.613600909268245,,1
N900,21.2876,92.1214,12.578020223637573,,1
N901,21.279,92.1333,13.811763795497283,,1
N902,21.2757,92.1255,13.00386527633978,,1
N903,21.278,92.13,13.469928737129912,,1
N904,21.2782,92.1069,11.076411059252155,,1
N905,21.2758,92.1081,11.200931398886794,,1
N906,21.2696,92.1245,12.900783557943935,,1
N907,21.2743,92.1187,12.29939042755666,,1
N908,21.2746,92.1205,12.485876359665143,,1
N909,21.2818,92.1241,12.858269084575204,,1
N910,21.2768,92.1252,12.972683356055349,,1
N911,21.2701,92.1399,14.496493786012737,,1
N912,21.2704,92.1387,14.372120020869811,,1
N913,21.2692,92.1454,15.066498066494098,,1
N914,21.2689,92.1473,15.263409122682482,,1
N915,21.2691,92.1458,15.107956740635556,,1
N916,21.2581,92.1497,15.513237990013083,,1
N917,21.2655,92.15,15.543545464378628,,1
N918,21.2648,92.136,14.09288165685074,,1
N919,21.2652,92.1374,14.2379167451692,,1
N920,21.2527,92.1315,13.62769273869925,,1
N921,21.2518,92.1324,13.72104593765585,,1
N922,21.261,92.1219,12.63210751592745,,1
N923,21.2819,92.0739,7.6569335627895105,,1
N924,21.2805,92.0785,8.133626585006077,,1
N925,21.2803,92.0825,8.548090507633297,,1
N926,21.2801,92.0838,8.682799493044733,,1
N927,21.2758,92.152,15.749690473110734,,1
N928,21.2781,92.1515,15.697636892001698,,1
N929,21.2706,92.1624,16.827895399400116,,1
N930,21.2593,92.1613,16.715196281770435,,1
N931,21.2629,92.1597,16.548986902558724,,1
N932,21.2648,92.1622,16.807833639157884,,1
N933,21.2458,92.1677,17.380008038679343,,1
N934,21.2468,92.1736,17.991347114992625,,1
N935,21.239,92.1726,17.888656991710537,,1
N936,21.235,92.1548,16.044259903845813,,1
N937,21.2348,92.1593,16.510685163995777,,1
N938,21.2366,92.1581,16.38611085588421,,1
N939,21.2309,92.1459,15.122239110825682,,1
N940,21.2308,92.1459,15.122249364467509,,1
N941,21.2332,92.134,13.888611711165227,,1
N942,21.2366,92.1367,14.168130155169164,,1
N943,21.2551,92.0992,10.280190959902018,,1
N944,21.249,92.0995,10.31170720790284,,1
N945,21.2461,92.1123,11.638467381656026,,1
N946,21.2652,92.1031,10.683618898427708,,1
N947,21.2592,92.114,11.813600195115876,,1
N948,21.2589,92.1035,10.72552733030484,,1
N949,21.275,92.0616,6.382804205530813,,1
N950,21.277,92.0637,6.600310084107214,,1
N951,21.2817,92.062,6.423958425640469,,1
N952,21.2802,92.0596,6.175352040642257,,1
N953,21.2735,92.0587,6.082377050933032,,1
N954,21.2741,92.0598,6.196331593447195,,1
N955,21.265,92.0636,6.590485863074409,,1
N956,21.266,92.0634,6.569716439099839,,1
N957,21.2662,92.0729,7.554127392919856,,1
N958,21.2497,92.0618,6.404627983384304,,1
N959,21.248,92.0609,6.311429521435741,,1
N960,21.2492,92.0524,5.430479705545719,,1
N961,21.2487,92.0772,8.000657512581729,,0
N962,21.2314,92.079,8.18816223050595,,0
N963,21.2199,92.0583,6.043127531806933,,1
N964,21.2214,92.0585,6.063797031178118,,1
N965,21.145,92.0848,8.79445767480483,,0
N966,21.1707,92.0652,6.760602700394302,,1
N967,21.1718,92.0643,6.667231923876856,,1
N968,21.1767,92.0599,6.21079257981475,,1
N969,21.1847,92.0582,6.034199868834793,,1
N970,21.1675,92.1461,15.149469166550649,,1
N971,21.1557,92.1573,16.31212509439814,,1
N972,21.1528,92.1687,17.494655968489006,,1
N973,21.1479,92.1757,18.221178091242994,,1
N974,21.1469,92.1728,17.92055114772876,,1
N975,21.1529,92.1876,19.45462481785058,,1
N976,21.1527,92.1884,19.537613348968726,,1
N977,21.1403,92.1893,19.63258929582682,,1
N978,21.1401,92.1808,18.75106684708598,,1
N979,21.1654,92.1818,18.851557342291116,,1
N980,21.1825,92.1718,17.812558747709005,,1
N981,21.1799,92.1686,17.481083929999027,,1
N982,21.1786,92.1671,17.325710598882722,,1
N983,21.1744,92.1733,17.96906585362333,,1
N984,21.2661,92.1658,17.18072875394944,,1
N985,21.2745,92.1731,17.9361544470629,,1
N986,21.284,92.056,5.802194306302681,,1
N987,21.2459,92.1357,14.063598858753071,,1
N988,21.255,92.1288,13.34767620616935,,1
N989,21.2587,92.1182,12.248879664158167,,1
N990,21.2727,92.0857,8.880111474911413,,1
N991,21.2577,92.1497,15.513280123951256,,1
N992,21.2493,92.1181,12.239297823921635,,1
N993,21.248,92.1173,12.156497051901866,,1
N994,21.2341,92.1479,15.329202400753587,,1
N995,21.2365,92.1482,15.360046098562147,,1
N996,21.2711,92.1198,12.41363953521139,,1
N997,21.2711,92.1095,11.346356715094958,,1
N998,21.2886,92.1693,17.540727287849943,,1
N999,21.2976,92.1562,16.182480152913854,,1
N1000,21.2811,92.0891,9.23188752405102,,1
N1001,21.2762,92.0864,8.952431533799738,,1
N1002,21.2786,92.0892,9.242405855320428,,1
N1003,21.2751,92.0872,9.035391963105177,,1
N1004,21.2963,92.125,12.950242895290012,,1
N1005,21.2648,92.156,16.16536409583676,,1
N1006,21.2945,92.1208,12.515268012371497,,1
N1007,21.2545,92.1353,14.02132543240249,,1
N1008,21.2533,92.14,14.508511067539049,,1
N1009,21.2515,92.1387,14.373964815040145,,1
N1010,21.2524,92.141,14.612232554230134,,1
N1011,21.2771,92.1456,15.08641236337779,,1
N1012,21.2581,92.1445,14.974368037934584,,1
N1013,21.2898,92.1612,16.701371384173616,,1
N1014,21.2908,92.1575,16.317916299795517,,1
N1015,21.2925,92.1577,16.33844853729396,,1
N1016,21.2636,92.0998,10.341772596063093,,1
N1017,21.1736,92.1557,16.14425107898801,,1
N1018,21.2515,92.1329,13.772890619588262,,1
N1019,21.2605,92.1331,13.792774498134383,,1
N1020,21.246,92.1121,11.61774780863765,,1
N1021,21.2516,92.113,11.71057634544192,,1
N1022,21.2753,92.1482,15.356000421533016,,1
N1023,21.2768,92.1447,14.993189018445928,,1
N1024,21.2756,92.1448,15.003672950586283,,1
N1025,21.2755,92.146,15.128023054118175,,1
N1026,21.2578,92.1626,16.85008429169094,,1
N1027,21.2591,92.1782,18.466534371765825,,1
N1028,21.108,92.1162,12.053903272186403,,1
N1029,21.0961,92.1196,12.407593662900736,,1
N1030,21.2798,92.1488,15.417698886749893,,1
N1031,21.2802,92.1529,15.842471404656765,,1
N1032,21.2795,92.1532,15.87363092058173,,1
N1033,21.2373,92.1595,16.53113390702733,,1
N1034,21.2384,92.1658,17.183959512476818,,1
N1035,21.2762,92.1434,14.858549234309088,,1
N1036,21.1776,92.178,18.4559983324676,,1
N1037,21.2482,92.1446,14.985737995187716,,1
N1038,21.2471,92.1384,14.343303093571642,,1
N1039,21.2481,92.1436,14.882112293086688,,1
N1040,21.2471,92.178,18.447311396925716,,1
N1041,21.2509,92.1684,17.451950223896016,,1
N1042,21.1842,92.0658,6.8221940485018155,,1
N1043,21.1759,92.1627,16.869806015570138,,1
N1044,21.2711,92.1223,12.672688761446109,,1
N1045,21.2722,92.1244,12.890193765453182,,1
N1046,21.2502,92.1441,14.933717384464469,,1
N1047,21.2503,92.1436,14.881890086043212,,1
N1048,21.2372,92.1591,16.489687705952655,,1
N1049,21.254,92.1713,17.752114967526023,,1
N1050,21.2095,92.1753,18.172124384199233,,1
N1051,21.2046,92.1607,16.65919748239113,,1
N1052,21.2137,92.1705,17.674039190093858,,1
N1053,21.2135,92.176,18.244194147652184,,1
N1054,21.2013,92.178,18.45303907554968,,1
N1055,21.2006,92.1622,16.815152522824206,,1
N1056,21.1994,92.178,18.453276431975866,,1
N1057,21.1968,92.1656,17.16806955482667,,1
N1058,21.2109,92.1732,17.954261846850276,,1
N1059,21.21,92.1649,17.09397136619779,,1
N1060,21.2151,92.1708,17.70496927733209,,1
N1061,21.2153,92.1751,18.150678642265284,,1
N1062,21.2195,92.1794,18.59588277910773,,1
N1063,21.2221,92.1763,18.274227277709844,,1
N1064,21.2508,92.134,13.886953431520723,,1
N1065,21.2531,92.1337,13.85564692069883,,1
N1066,21.1871,92.1767,18.320030187051216,,1
N1067,21.1847,92.1805,18.714313120641545,,1
N1068,21.3,92.1629,16.87633136240033,,1
N1069,21.3024,92.1652,17.11433028600366,,1
N1070,21.2268,92.1694,17.558454304570663,,1
N1071,21.2286,92.1777,18.41853152546124,,1
N1072,21.3117,92.1405,14.554547300912674,,1
N1073,21.3134,92.14,14.502583885607637,,1
N1074,21.2761,92.1614,16.72365030905981,,1
N1075,21.2777,92.1616,16.744191453703678,,1
N1076,21.2397,92.152,15.75355145823332,,1
N1077,21.2413,92.1544,16.002118033386324,,1
N1078,21.2805,92.176,18.235900886297056,,1
N1079,21.278,92.1758,18.215487819629683,,1
N1080,21.2694,92.0812,8.41401657753664,,1
N1081,21.2717,92.0825,8.548590145116936,,1
N1082,21.2568,92.1707,17.689599663015247,,1
N1083,21.259,92.1713,17.751512337991514,,1
N1084,21.2496,92.135,13.99070135630337,,1
N1085,21.2486,92.1343,13.918251444752862,,1
N1086,21.2808,92.0987,10.226589833603136,,1
N1087,21.28,92.1021,10.578931095805912,,1
N1088,21.2776,92.1169,12.112607376810065,,1
N1089,21.2775,92.117,12.122977128045513,,1
N1090,21.2713,92.1076,11.149464148969289,,1
N1091,21.2711,92.1055,10.931877946687576,,1
N1092,21.2867,92.0829,8.589162042376175,,1
N1093,21.2833,92.082,8.496110618800975,,1
N1094,21.2055,92.0628,6.5102132176186505,,1
N1095,21.279,92.0615,6.3722692669395125,,1
N1096,21.2476,92.0687,7.119809268002102,,0
N1097,21.1653,92.1727,17.90795473280572,,1
N1098,21.2678,92.1394,14.444909302747442,,1
N1099,21.302,92.1427,14.78342377960162,,1
N1100,21.3058,92.1387,14.368660484524945,,1
N1101,21.2996,92.109,11.292358321679496,,1
N1102,21.2843,92.0763,7.905473581561195,,1
N1103,21.2783,92.0806,8.35133893279194,,1
N1104,21.2202,92.0663,6.872359179233765,,0
N1105,21.178,92.0641,6.646215434486643,,1
N1106,21.2744,92.1192,12.351190752792226,,1
N1107,21.2723,92.1209,12.527519047639654,,1
N1108,21.2364,92.1405,14.561996953793727,,1
N1109,21.2447,92.164,16.99667620369167,,1
N1110,21.2526,92.1666,17.265209975769963,,1
N1111,21.172,92.1705,17.679027359625746,,1
N1112,21.1501,92.1793,18.594244145195063,,1
N1113,21.1437,92.1779,18.44985479237836,,1
N1114,21.1832,92.1653,17.138545000922264,,1
N1115,21.2491,92.1287,13.33784725845062,,1
N1116,21.2176,92.0643,6.665165624905733,,1
N1117,21.2579,92.0672,6.963868001069682,,1
N1118,21.2744,92.1298,13.449534837599163,,1
N1119,21.2728,92.1389,14.392609347618508,,1
N1120,21.3218,92.1248,12.927278107853992,,1
N1121,21.3236,92.126,13.051418803035371,,1
N1122,21.1551,92.188,19.49581622098932,,1
N1123,21.2779,92.0767,7.947263503023168,,1
N1124,21.3237,92.116,12.015583776418856,,1
N1125,21.3205,92.1177,12.191940002087907,,1
N1126,21.2758,92.1329,13.770617650730172,,1
N1127,21.2741,92.141,14.610079111598402,,1
N1128,21.2721,92.1508,15.625743706389938,,1
N1129,21.2739,92.1592,16.49594137987212,,1
N1130,21.2665,92.1617,16.755828088700383,,1
N1131,21.2683,92.1316,13.636611290284543,,1
N1132,21.2848,92.0842,8.723966070803181,,1
N1133,21.2469,92.0602,6.238930928553617,,1
N1134,21.2435,92.0711,7.368741229458988,,0
N1135,21.2111,92.067,6.9453462187992026,,1
N1136,21.2446,92.0589,6.1042984558814615,,1
N1137,21.2421,92.0685,7.099346962454922,,0
N1138,21.134,92.0848,8.795110541810969,,1
N1139,21.1356,92.087,9.02318816837064,,1
N1140,21.1232,92.1027,10.652401481329989,,1
N1141,21.107,92.1092,11.327840868981982,,1
N1142,21.1144,92.1095,11.35839491776338,,1
N1143,21.1109,92.1104,11.45202169829666,,1
N1144,21.1101,92.1037,10.757074771400848,,1
N1145,21.1128,92.1071,11.109563600490556,,1
N1146,21.2729,92.0886,9.180592844210546,,1
N1147,21.2702,92.0857,8.880262321283674,,1
N1148,21.2573,92.116,12.02101141423288,,1
N1149,21.2572,92.1181,12.2386414722952,,1
N1150,21.2565,92.1158,12.000350715645371,,1
N1151,21.255,92.1129,11.699942960688077,,1
N1152,21.2545,92.1153,11.948697973918684,,1
N1153,21.2318,92.1484,15.381265155767563,,1
N1154,21.2311,92.1546,16.023954666983457,,1
N1155,21.232,92.1459,15.122126317725312,,1
N1156,21.2336,92.1526,15.81639089044868,,1
N1157,21.2359,92.1483,15.370473050272873,,1
N1158,21.2338,92.1503,15.577983809905955,,1
N1159,21.2505,92.1174,12.166654208489,,1
N1160,21.2492,92.1155,11.969854864731598,,1
N1161,21.2926,92.1687,17.478087360854087,,1
N1162,21.2935,92.1687,17.477980358794667,,1
N1163,21.2422,92.1551,16.074568340287506,,1
N1164,21.2453,92.1521,15.763316718058816,,1
N1165,21.2777,92.1046,10.83813409948284,,1
N1166,21.2738,92.104,10.776250697163542,,1
N1167,21.2726,92.1066,11.045747025821552,,1
N1168,21.2743,92.1044,10.817661057135062,,1
N1169,21.2338,92.1638,16.97720379273773,,1
N1170,21.2291,92.1586,16.438768872657015,,1
N1171,21.2448,92.1635,16.944845575827014,,1
N1172,21.2422,92.1622,16.81041247587419,,1
N1173,21.2473,92.1762,18.26074078638456,,1
N1174,21.2358,92.1795,18.604192425909208,,1
N1175,21.2561,92.1177,12.197280777698037,,1
N1176,21.2557,92.1156,11.979689789565564,,1
N1177,21.2895,92.0965,9.998050073916485,,1
N1178,21.2878,92.1018,10.54728769871594,,1
N1179,21.2659,92.1152,11.93741066553179,,1
N1180,21.2661,92.1168,12.103191585394864,,1
N1181,21.2445,92.1436,14.882475857284032,,1
N1182,21.2461,92.1432,14.840859368856782,,1
N1183,21.2474,92.0607,6.29072794595934,,1
N1184,21.2465,92.0668,6.922952104837531,,1
N1185,21.3151,92.1145,11.860904640202056,,1
N1186,21.3162,92.1136,11.767586671577993,,1
N1187,21.3175,92.1176,12.181830439211298,,1
N1188,21.3187,92.1164,12.057427502908777,,1
N1189,21.1496,92.1709,17.72318498704223,,1
N1190,21.1502,92.177,18.35571107572185,,1
N1191,21.2947,92.1028,10.650395777071113,,1
N1192,21.294,92.0982,10.173870109972256,,1
N1193,21.2144,92.0579,6.001888914987283,,1
N1194,21.2142,92.0573,5.93970122354869,,1
N1195,21.1812,92.0582,6.034342718093225,,1
N1196,21.1802,92.0559,5.795911329270665,,1
N1199,21.2519,92.0633,6.559982159251158,,1
N1200,21.2524,92.059,6.11433861190152,,1
N1201,21.1428,92.0872,9.043491709693996,,0
N1202,21.1419,92.0859,8.90872313175121,,0
N1203,21.1114,92.1935,20.072089132832776,,1
N1204,21.1127,92.1936,20.082286371493588,,1
N1205,21.0823,92.2197,22.79432600802443,,1
N1206,21.083,92.2211,22.93947081310985,,1
N1207,21.0949,92.214,22.20105652104213,,1
N1208,21.0954,92.2153,22.33584753827528,,1
N1209,21.1003,92.2122,22.01351820488229,,1
N1210,21.101,92.2132,22.11715340198481,,1
N1211,21.1176,92.1979,20.527650877399047,,1
N1212,21.1186,92.1997,20.714220523418778,,1
N1213,21.0929,92.2151,22.31547456147575,,1
N1214,21.0936,92.2166,22.47098561757613,,1
N1215,21.092,92.2159,22.398605978934423,,1
N1216,21.0925,92.2172,22.533398975145328,,1
N1217,21.09,92.2165,22.461155530941976,,1
N1218,21.0905,92.2179,22.60632477123766,,1
N1219,21.0897,92.217,22.513074322746693,,1
N1220,21.0902,92.2182,22.637494378482213,,1
N1221,21.089,92.2169,22.50280566107864,,1
N1222,21.0895,92.2179,22.606476938824887,,1
N1223,21.1033,92.2105,21.836719875153687,,1
N1224,21.104,92.211,21.88848535280383,,1
N1225,21.0847,92.2181,22.627957319635033,,1
N1226,21.0847,92.2173,22.544957030581667,,1
N1227,21.0832,92.2191,22.73193712630049,,1
N1228,21.0826,92.2186,22.680152986583995,,1
N1229,21.0725,92.2253,23.376878414845446,,1
N1230,21.072,92.2235,23.190190416056552,,1
N1231,21.0695,92.2269,23.54336756356794,,1
N1232,21.0685,92.2258,23.4293880334745,,1
N1233,21.009,92.2514,26.096108299599212,,1
N1234,21.0098,92.2531,26.27243271004248,,1
N1235,21.0596,92.2296,23.825107694973088,,1
N1236,21.0594,92.2283,23.690241302275265,,1
N1237,21.0107,92.2439,25.317296434817425,,1
N1238,21.0118,92.2444,25.369010329752737,,1
N1239,21.0075,92.2524,26.20017482570065,,1
N1240,21.006,92.2515,26.10701353858236,,1
N1241,20.977,92.2494,25.89405088540882,,1
N1242,20.9757,92.248,25.748919361770433,,1
N1243,20.9947,92.2467,25.610687429368703,,1
N1244,20.9953,92.2451,25.444484274363713,,1
N1245,20.9997,92.258,26.78287794130565,,1
N1246,21.0001,92.2595,26.938520122122203,,1
N1247,20.9984,92.258,26.783111199222866,,1
N1248,20.9986,92.2593,26.918028765048984,,1
N1249,20.9769,92.2469,25.63450462968124,,1
N1250,20.9926,92.246,25.538377473384752,,1
N1251,20.9941,92.2437,25.299349911715677,,1
N1252,20.9973,92.2484,25.78672053932568,,1
N1253,20.9987,92.2466,25.599620192962885,,1
N1254,21.013,92.2404,24.953604908412352,,1
N1255,21.0145,92.2392,24.82879480944003,,1
N1256,20.9911,92.2423,25.154516422718636,,1
N1257,20.9897,92.2404,24.95750081965641,,1
N1258,21.0124,92.2407,24.984845509411368,,1
N1259,21.0115,92.2378,24.683972260276875,,1
N1260,21.0108,92.2438,25.306899277112727,,1
N1261,21.0093,92.2406,24.97498442971568,,1
N1262,21.0135,92.2482,25.76316114057221,,1
N1263,21.014,92.2504,25.991433974134285,,1
N1264,20.9858,92.2598,26.972245934770186,,1
N1265,20.9854,92.2572,26.702387400677587,,1
N1266,20.9831,92.2596,26.951969225179138,,1
N1267,20.9829,92.2564,26.619777270181164,,1
N1268,20.9807,92.2585,26.838197118723432,,1
N1269,20.9804,92.2556,26.53716430902595,,1
N1270,20.9779,92.2576,26.745257779632368,,1
N1271,20.9779,92.2548,26.454548517686135,,1
N1272,20.9701,92.2536,26.33133294551149,,1
N1273,20.9701,92.2528,26.24826882101183,,1
N1274,20.9728,92.2553,26.50736542237101,,1
N1275,20.972,92.2574,26.72554784509961,,1
N1276,20.9716,92.2547,26.44528075594614,,1
N1277,20.9719,92.2536,26.33101588602283,,1
N1278,21.0288,92.2457,25.50104416658943,,1
N1279,21.0298,92.2474,25.677313738555384,,1
N1280,21.0279,92.2459,25.52195615088073,,1
N1281,21.0275,92.2449,25.41823440716528,,1
N1282,21.0268,92.244,25.324942128985754,,1
N1283,21.0283,92.2436,25.283171387454072,,1
N1284,21.0114,92.2496,25.90884587290731,,1
N1285,21.0123,92.2515,26.105911108035325,,1
N1286,21.0103,92.2502,25.97131824739959,,1
N1287,21.0112,92.2521,26.168384568658517,,1
N1288,20.9826,92.2476,25.706201775349214,,1
N1289,20.982,92.246,25.54018999065081,,1
N1290,20.9912,92.2443,25.362130569951297,,1
N1291,20.9897,92.2431,25.237805475708157,,1
N1292,20.9922,92.2456,25.496919966029463,,1
N1293,20.9928,92.2443,25.36185881499085,,1
N1294,20.9782,92.2489,25.8419306857242,,1
N1295,20.977,92.2471,25.655252548798373,,1
N1296,20.9805,92.2483,25.779239152275643,,1
N1297,20.979,92.246,25.540702808526376,,1
N1298,20.9897,92.2454,25.47658351462982,,1
N1299,20.9883,92.244,25.331477821840245,,1
N1300,20.9816,92.2486,25.81019600649449,,1
N1301,20.981,92.2459,25.52997867922369,,1
N1302,20.9845,92.2469,25.63320072623694,,1
N1303,20.984,92.2452,25.456791672951994,,1
N1304,21.0216,92.2465,25.58531140607187,,1
N1305,21.0215,92.2488,25.82405572236004,,1
N1306,20.9393,92.2653,27.55181707213316,,1
N1307,20.9383,92.2639,27.406607960034265,,1
N1308,20.9373,92.2653,27.55218506471836,,1
N1309,20.9365,92.2643,27.448478780803004,,1
N1310,20.9357,92.2658,27.604406447677853,,1
N1311,20.9349,92.2648,27.500699320995995,,1
N1312,20.9343,92.2665,27.67736298686527,,1
N1313,20.9334,92.2653,27.552902553698974,,1
N1314,20.9378,92.265,27.52093729874961,,1
N1315,20.9376,92.2663,27.655982576399005,,1
N1316,20.931,92.268,27.833758690739973,,1
N1317,20.9299,92.2663,27.65740439297283,,1
N1318,20.9282,92.2687,27.90698037480867,,1
N1319,20.9266,92.267,27.730715824528534,,1
N1320,20.9245,92.2691,27.949214225994965,,0
N1321,20.9232,92.2679,27.82482145801351,,0
N1322,20.9215,92.2694,27.98093289121204,,0
N1323,20.9208,92.2685,27.887585657934505,,0
N1324,20.9194,92.2703,28.074803727090373,,0
N1325,20.918,92.2691,27.95042638888555,,0
N1326,20.8531,92.305,31.692921432273906,,1
N1327,20.8542,92.3061,31.806991117284323,,1
N1328,20.8533,92.3053,31.724052605101814,,1
N1329,20.8538,92.3076,31.96294176162348,,1
N1330,20.8514,92.3056,31.755627037925457,,1
N1331,20.8509,92.3048,31.672602424414723,,1
N1332,20.8525,92.2943,30.58119370476673,,1
N1333,20.8497,92.2941,30.560980228480645,,1
N1334,20.8502,92.2892,30.051704003678193,,1
N1335,20.8517,92.2888,30.009839481360775,,1
N1336,20.852,92.2862,29.73960855526098,,1
N1337,20.8505,92.2855,29.66716601775611,,1
N1338,20.8697,92.2752,28.593210737918213,,1
N1339,20.8713,92.2757,28.644855611110753,,1
N1340,20.8711,92.2872,29.83972939842612,,1
N1341,20.87,92.2895,30.078916701757752,,1
N1342,20.8647,92.2936,30.50598040782455,,1
N1343,20.8621,92.2934,30.485727025597708,,1
N1344,20.848,92.288,29.927445808678044,,1
N1345,20.8504,92.2874,29.86462054801325,,1
N1346,20.856,92.2896,30.092108883701908,,1
N1347,20.8559,92.288,29.92587408190384,,1
N1348,20.8551,92.3017,31.349597639657357,,1
N1349,20.8558,92.3035,31.53648850413778,,1
N1350,20.8656,92.2897,30.100577802924576,,1
N1351,20.8646,92.2884,29.965703832614334,,1
N1352,20.8698,92.2818,29.27892942060861,,1
N1353,20.8676,92.2817,29.268967905404192,,1
N1354,20.8695,92.2818,29.27898786889015,,1
N1355,20.8579,92.2894,30.07094711133691,,1
N1356,20.8587,92.2909,30.226648111751473,,1
N1357,20.8563,92.2941,30.559639263740877,,1
N1358,20.8564,92.2923,30.372582904455168,,1
N1359,20.8555,92.2858,29.69735270195753,,1
N1360,20.8572,92.2851,29.624281146399927,,1
N1361,20.8634,92.2837,29.4775938873395,,1
N1362,20.8627,92.2818,29.28031248129992,,1
N1363,20.8664,92.288,29.923784197367564,,1
N1364,20.8639,92.2856,29.67491293018112,,1
N1365,20.8508,92.2895,30.08275797667874,,1
N1366,20.8481,92.2934,30.48856499901948,,1
N1367,20.8983,92.2474,25.699903250953714,,1
N1368,20.8997,92.2482,25.78276664681202,,1
N1369,20.859,92.2835,29.457675151515144,,1
N1370,20.8582,92.2823,29.333142671140948,,1
N1371,20.8657,92.2897,30.100557777648813,,1
N1372,20.8675,92.2897,30.100197307005843,,1
N1373,20.8967,92.2485,25.814446427704706,,1
N1374,20.8977,92.2499,25.95970690868069,,1
N1375,20.8958,92.2493,25.8977065799066,,1
N1376,20.8946,92.2481,25.773254645509915,,1
N1377,20.8944,92.2498,25.949889483913037,,1
N1378,20.8953,92.2513,26.105556901231903,,1
N1379,20.8935,92.2507,26.04354002953981,,1
N1380,20.8943,92.2526,26.240778367410893,,1
N1381,20.8941,92.2504,26.012271063806303,,1
N1382,20.8932,92.2486,25.825436788904312,,1
N1383,20.8909,92.2527,26.25176127228271,,1
N1384,20.8903,92.2511,26.08564942977721,,1
N1385,20.892,92.2519,26.16846145803988,,1
N1386,20.8927,92.2528,26.261834859616176,,1
N1387,20.8904,92.2531,26.2934028749048,,1
N1388,20.8914,92.2546,26.44905479705497,,1
N1389,20.889,92.2546,26.449477648047974,,1
N1390,20.8894,92.2565,26.646790769991696,,1
N1391,20.8836,92.2591,26.917934409470966,,1
N1392,20.886,92.261,27.114892252531902,,1
N1393,20.8978,92.2479,25.751929029451908,,1
N1394,20.8965,92.246,25.55477785563051,,1
N1395,20.8813,92.2612,27.136519238373698,,1
N1396,20.8827,92.2633,27.3544368214319,,1
N1397,20.8794,92.263,27.32386995232501,,1
N1398,20.8806,92.2643,27.458711497877985,,1
N1399,20.8795,92.2627,27.292683876380224,,1
N1400,20.878,92.2614,27.157894240359074,,1
N1401,20.8538,92.2938,30.528974040710423,,1
N1402,20.8546,92.2986,31.027580391102177,,1
N1403,20.8765,92.2645,27.48023999522839,,1
N1404,20.8762,92.2633,27.355620594392015,,1
N1405,20.8695,92.2733,28.39583905388148,,1
N1406,20.868,92.2727,28.33378192931936,,1
N1407,20.8741,92.2675,27.792369038678256,,1
N1408,20.8751,92.2686,27.906469645920644,,1
N1409,20.8698,92.2709,28.14642319734963,,1
N1410,20.8684,92.2688,27.92849409037976,,1
N1411,20.867,92.2848,29.59117966855327,,1
N1412,20.8692,92.2853,29.642696548454555,,1
N1413,20.8769,92.3025,31.428167016359392,,1
N1414,20.877,92.3005,31.220356760490105,,1
N1415,20.8753,92.3028,31.459670490381612,,1
N1416,20.8753,92.3009,31.262268388555707,,1
N1417,20.874,92.3028,31.459942702985273,,1
N1418,20.8737,92.3013,31.30416009480983,,1
N1419,20.8469,92.2873,29.85492377942432,,1
N1420,20.8475,92.2864,29.76128116951407,,1
N1421,20.8514,92.2907,30.20733282663703,,1
N1422,20.8525,92.2901,30.14476496355023,,1
N1423,20.8511,92.2902,30.155436783741855,,1
N1424,20.8521,92.2894,30.07210680875287,,1
N1425,20.8702,92.2705,28.10478852807779,,1
N1426,20.8716,92.2716,28.21881494341893,,1
N1427,21.134,92.1913,19.840855719559524,,1
N1428,21.1362,92.1932,20.03761851890163,,1
N1429,21.1219,92.2041,21.17014691457903,,1
N1430,21.1236,92.2053,21.29437207127744,,1
N1431,21.0989,92.2123,22.02409980142508,,1
N1432,21.0992,92.2136,22.158917612377586,,1
N1433,21.0087,92.2573,26.708600375716543,,1
N1434,21.009,92.258,26.781208847924606,,1
N1435,20.9757,92.2567,26.652207874846507,,1
N1436,20.9755,92.2588,26.87027898897452,,1
N1437,20.8222,92.3236,33.632572484729614,,1
N1438,20.8248,92.3238,33.65277816767648,,1
N1439,21.1104,92.2024,20.99544285642995,,1
N1440,21.1086,92.2012,20.871217095643527,,1
N1441,21.101,92.2121,22.003040526133024,,1
N1442,21.1002,92.2106,21.847549770848463,,1
N1443,20.7577,92.3425,35.61211438330495,,1
N1444,20.7603,92.342,35.559514264493494,,1
N1445,21.0846,92.2183,22.648722632876012,,1
N1446,21.0847,92.2195,22.77320782513202,,1
N1447,21.0149,92.1984,20.59372835479612,,1
N1448,21.0138,92.197,20.448560536951685,,1
N1449,21.0174,92.1972,20.46882640071315,,1
N1450,21.0165,92.1959,20.334012651927782,,1
N1451,21.0703,92.1488,15.439552300776498,,1
N1452,21.0702,92.1479,15.346178237748562,,1
N1455,21.0735,92.1633,16.943713817066484,,1
N1456,21.0698,92.1596,16.560220554219473,,1
N1457,20.8281,92.3158,32.82061332668816,,1
N1458,20.8275,92.3176,33.00781602132692,,1
N1459,20.8299,92.3134,32.57079576960974,,1
N1460,20.8316,92.3145,32.68474671109123,,1
N1461,21.1811,92.1776,18.414088342538072,,1
N1462,21.196,92.1739,18.02864400683628,,1
N1463,21.1899,92.1751,18.15380034257449,,1
N1464,21.2177,92.213,22.078992516761755,,0
N1465,21.2234,92.1995,20.67882113993968,,0
N1466,21.2443,92.2142,22.19937688358078,,0
N1467,21.2827,92.2133,22.100337439667776,,0
N1468,21.305,92.2013,20.853835634741824,,0
N1472,21.1809,92.1854,19.22284110616024,,1
N1473,21.1786,92.1783,18.48697893467068,,1
N1474,21.3135,92.0849,8.794775421734139,,1
N1475,21.3263,92.1145,11.859999751261553,,1
N1476,21.3302,92.0615,6.370049006351842,,0
N1477,21.3154,92.0414,4.288562954382267,,0
N1478,21.3138,92.0954,9.882448275203856,,1
N1479,21.3229,92.0842,8.721704129150446,,1
N1480,21.3307,92.1271,13.164722811144175,,1
N1481,21.3423,92.1069,11.07157819642335,,0
N1482,21.343,92.0783,8.109452217705202,,0
N1483,21.3254,92.1239,12.833737773179552,,1
N1484,21.3029,92.0612,6.340154302021398,,1
N1485,21.3243,92.0409,4.236511872655252,,0
N1486,21.3001,92.0868,8.992416280340827,,1
N1487,21.1422,92.2039,21.14650600634709,,1
N1488,21.1564,92.1554,16.115017527965335,,1
N1489,21.1307,92.2056,21.32446790801684,,1
N1490,21.1047,92.1927,19.990006113472106,,1
N1491,21.0958,92.1913,19.84596467621253,,0
N1492,21.0933,92.1908,19.79442654375094,,0
N1493,21.092,92.2378,24.670627210742595,,0
N1494,21.0741,92.2011,20.8656890496708,,1
N1495,21.0553,92.2406,24.967275701635938,,1
N1496,21.0444,92.2541,26.37011306615171,,1
N1497,21.0422,92.246,25.529884647135535,,1
N1498,21.0403,92.2589,26.868989365473468,,1
N1499,21.0379,92.1679,17.42516913158392,,1
N1500,21.0371,92.2583,26.807296451270908,,1
N1501,21.0266,92.2365,24.546544611997973,,1
N1502,21.0298,92.2575,26.72557895136507,,1
N1503,21.0207,92.2577,26.74796952762245,,1
N1504,21.0023,92.2391,24.82044441872492,,1
N1505,21.0,92.2416,25.080350354815376,,1
N1506,20.9957,92.2636,27.36494484583773,,1
N1507,20.9986,92.2346,24.35391312704093,,1
N1508,20.9561,92.2395,24.869655798666624,,1
N1509,20.8884,92.2857,29.680462526410917,,1
N1510,20.8884,92.2709,28.142938065374263,,1
N1511,20.8632,92.2785,28.93733118840182,,1
N1512,20.8615,92.3155,32.78215764648963,,1
N1513,20.8434,92.2992,31.09224109570118,,1
N1514,20.8444,92.3221,33.471738227605805,,0
N1515,20.8308,92.3194,33.19416060023101,,1
N1516,20.8337,92.3257,33.84824614903598,,0
N1517,20.8266,92.2924,30.38899028432139,,1
N1518,20.8242,92.3268,33.96470560688856,,1
N1519,20.8227,92.2862,29.7453975620743,,1
N1520,20.822,92.3105,32.271099378317906,,1
N1521,20.8173,92.2907,30.21417519566929,,1
N1522,20.8166,92.2945,30.6092738067614,,1
N1523,20.8159,92.3255,33.83145872942422,,1
N1524,20.8136,92.3244,33.71764273292875,,1
N1525,20.8137,92.2968,30.84892108055489,,1
N1526,20.8128,92.3017,31.35840640107978,,1
N1527,20.8092,92.3306,34.363064092288774,,1
N1528,20.8058,92.3314,34.44699406308786,,1
N1529,20.7683,92.3447,35.838349844811,,1
N1530,20.7636,92.32,33.271334418779944,,1
N1531,20.7669,92.3277,34.0711815535431,,1
N1532,20.7574,92.3484,36.2256501989722,,1
N1533,20.7559,92.3215,33.42899665149469,,1
N1534,20.7474,92.3291,34.221154377462966,,1
N1535,20.7456,92.3326,34.58551003661532,,1
N1536,21.0138,92.2596,26.94642673984698,,1
N1537,20.8852,92.2583,26.83453639648883,,1
N1538,20.8164,92.3289,34.18473062722602,,1
N1541,21.1147,92.2117,21.95951791974619,,1
N1542,21.1009,92.2049,21.25613419376593,,1
N1543,21.0953,92.2213,22.9583203298816,,1
N1544,21.117,92.2032,21.07749122758278,,1
N1547,20.8784,92.2525,26.233167888363933,,1
N1548,20.9757,92.2503,25.987719775150204,,1
N1549,20.971,92.2437,25.303262055501538,,1
N1550,20.9692,92.2443,25.365865194960797,,1
N1552,20.8438,92.284,29.512610715194477,,1
N1553,20.8557,92.2912,30.258423943470465,,1
N1554,21.0076,92.2586,26.84374260631252,,1
N1555,21.0068,92.259,26.88540839396581,,1
N1556,21.0616,92.178,18.470436896705237,,1
N1558,21.1009,92.1786,18.527797120524617,,0
N1559,20.7434,92.3324,34.56521567078817,,1
N1560,20.8202,92.3147,32.70800728897779,,1
N1561,20.7582,92.3267,33.96916637298379,,1
N1562,20.8387,92.2879,29.918903226506476,,1
N1563,20.9587,92.2642,27.43402392672531,,1
N1564,20.7681,92.3419,35.54728189671131,,1
N1565,20.9977,92.2403,24.94578253524184,,1
N1566,20.9795,92.2655,27.565178027313635,,1
N1567,20.8766,92.2891,30.03603750427949,,1
N1568,20.8809,92.2503,26.004168897824513,,1
N1569,20.8201,92.328,34.0903506958436,,1
N1570,20.8666,92.3135,32.5732417760761,,1
N1571,20.7438,92.3399,35.345023006749074,,0
N1572,21.0873,92.1801,18.68511649746601,,0
N1573,20.7649,92.3428,35.64160952241246,,1
N1574,21.0043,92.2378,24.685163481205223,,1
N1575,21.0535,92.2259,23.44212740860524,,1
N1576,20.9051,92.2332,24.22371006800603,,1
N1578,21.1459,92.1688,17.505841794397668,,1
N1579,20.8986,92.2383,24.754546258408393,,1
N1580,20.9088,92.2305,23.94265628109533,,1
N1581,20.9067,92.2321,24.1091901321777,,1
N1582,20.9032,92.2345,24.35905640439529,,1
N1583,20.9017,92.2355,24.463177551399394,,1
N1587,21.03,92.1915,19.87550193648605,,1
N1591,21.0353,92.1833,19.02375948687265,,1
N1592,21.0168,92.1913,19.856502330282822,,1
N1593,21.0146,92.1929,20.02287401296175,,1
N1596,21.0401,92.1923,19.957179787058557,,1
N1597,21.0312,92.1883,19.543221333470328,,1
N1598,21.0283,92.1986,20.612635471425595,,1
N1599,21.0435,92.188,19.510474045866548,,1
N1600,21.054,92.1723,17.879881033566587,,1
N1601,21.0731,92.1552,16.103315797248456,,1
N1602,21.0644,92.1459,15.139247587578152,,1
N1603,21.0471,92.1643,17.050496983274144,,1
N1604,21.0563,92.1675,17.381507833180283,,1
N1605,21.0609,92.1653,17.152683176035882,,1
N1606,21.0544,92.169,17.53738699690195,,1
N1607,21.0524,92.1573,16.32347963961277,,1
N1608,21.054,92.1709,17.73460052838943,,1
N1609,21.0498,92.1601,16.614333957133876,,1
N1610,21.0698,92.1435,14.889672108732716,,1
N1611,21.0534,92.1741,18.066743082386797,,1
N1612,21.0485,92.163,16.91542834636476,,1
N1613,21.0861,92.1682,17.450649627896937,,0
N1614,21.0796,92.1549,16.071485570574996,,1
N1615,21.0946,92.1458,15.125797707690054,,1
N1616,21.0849,92.1497,15.531411241304596,,1
N1617,21.0724,92.1427,14.806404614148237,,1
N1618,21.071,92.1428,14.816920005955518,,1
N1619,21.0864,92.1395,14.473012743964466,,1
N1620,21.0871,92.1503,15.593430511823811,,1
N1621,21.0905,92.156,16.184427712052937,,0
N1622,21.085,92.1472,15.27202537753018,,1
N1623,21.0886,92.1447,15.012286239798597,,1
N1625,20.8145,92.2999,31.17096461827664,,1
N1626,20.8192,92.2965,30.816614862469855,,1
N1627,20.8218,92.3197,33.22732390114629,,1
N1628,20.8247,92.3188,33.13314656362696,,1
N1629,20.8016,92.3215,33.41888096513912,,1
N1630,20.7505,92.3279,34.095674662673375,,1
N1631,20.7803,92.3394,35.28450721498096,,1
N1632,20.7516,92.3258,33.87706625798492,,1
N1633,20.7513,92.3436,35.7280013447509,,1
N1634,20.818,92.3158,32.82281379734753,,1
N1635,20.8209,92.3118,32.40644843194744,,1
N1636,20.8197,92.3122,32.448280226409516,,1
N1637,20.8178,92.32,33.25938667025781,,1
N1638,20.8204,92.312,32.427342726175034,,1
N1639,20.8191,92.3152,32.76021339923476,,1
N1640,20.8162,92.3059,31.794232962628605,,1
N1641,20.8038,92.3052,31.72408662686711,,1
N1642,20.8226,92.2938,30.535302385930724,,1
N1643,21.1519,92.1526,15.825137813858989,,1
N1644,21.1536,92.1594,16.53013105769111,,1
N1645,21.1506,92.1524,15.804535874632938,,1
N1646,21.1452,92.1537,15.939932582586849,,1
N1647,21.14,92.1581,16.39682359985518,,1
N1648,21.1493,92.152,15.763192521927849,,1
N1649,21.1519,92.1601,16.602913199075665,,1
N1650,21.1477,92.1521,15.77373343951889,,1
N1651,21.1463,92.1529,15.856848371956897,,1
N1652,21.1498,92.1597,16.561666691331705,,1
N1653,21.1444,92.1604,16.634866523422748,,1
N1654,21.1437,92.156,16.17862497114963,,1
N1655,21.1426,92.1571,16.292825979498605,,1
N1656,21.1415,92.1577,16.355173342756665,,1
N1657,21.1443,92.1702,17.65122305666978,,1
N1658,21.1118,92.1804,18.713153221658168,,1
N1659,21.1049,92.193,20.021100058665336,,1
N1660,21.1107,92.2022,20.974653973692902,,1
N1661,21.1118,92.1903,19.740094437699348,,1
N1662,21.0985,92.1972,20.45767415976559,,1
N1663,21.105,92.1845,19.139328973963742,,1
N1664,21.1089,92.1881,19.51226656663303,,1
N1665,21.1002,92.2001,20.75828461613384,,1
N1666,21.1005,92.2017,20.924225603148148,,1
N1667,21.1011,92.2036,21.12124497871743,,1
N1668,21.1053,92.2141,22.209875189674044,,1
N1669,21.0996,92.2058,21.34968625796438,,1
N1670,21.098,92.2077,21.547024340788926,,1
N1671,21.0958,92.2089,21.671834672481832,,1
N1672,21.0944,92.2082,21.599418442483007,,1
N1673,21.0931,92.209,21.682603084420528,,1
N1674,21.0921,92.2104,21.82799232800349,,1
N1675,21.0993,92.1974,20.478311979599223,,1
N1676,21.0974,92.2193,22.750512715721,,1
N1677,21.0914,92.2103,21.8177206187376,,1
N1678,21.0916,92.2105,21.838440353656026,,1
N1679,21.0911,92.2105,21.83851385808911,,1
N1680,21.0899,92.2109,21.880188954717468,,1
N1681,21.0886,92.2114,21.932254231029553,,1
N1682,21.3411,92.1583,16.395183635630396,,0
N1683,21.2787,92.1307,13.542394683471866,,1
N1684,21.3074,92.1025,10.618397121151004,,1
N1685,21.3077,92.1682,17.42449458643051,,0
N1686,21.3079,92.156,16.160627066875616,,1
N1687,21.2923,92.1316,13.634386682124225,,1
N1688,21.2837,92.098,10.15386063727669,,1
N1689,21.2853,92.1058,10.96190577199366,,1
N1690,21.2815,92.1854,19.209733075445403,,0
N1691,21.2845,92.1137,11.780486411949935,,1
N1692,21.2817,92.0989,10.247249709497394,,1
N1693,21.281,92.0991,10.26802101796005,,1
N1694,21.2805,92.1117,11.573580636351917,,1
N1695,21.2775,92.113,11.708516389535038,,1
N1696,21.2656,92.1473,15.2637512983084,,1
N1697,21.2649,92.1068,11.067049679605145,,1
N1698,21.2607,92.1198,12.41451652832729,,1
N1699,21.2605,92.0977,10.12437330459775,,1
N1700,21.2619,92.1011,10.476606020999734,,1
N1701,21.2585,92.1366,14.155661770860448,,1
N1702,21.2557,92.1179,12.218040007997972,,1
N1703,21.2521,92.1595,16.529473879007778,,1
N1704,21.2524,92.1628,16.871428606773602,,1
N1705,21.2503,92.1757,18.208551834494152,,1
N1706,21.2483,92.163,16.892625258797686,,1
N1707,21.2453,92.138,14.302023155303177,,1
N1708,21.2432,92.1576,16.333557570992664,,1
N1709,21.2441,92.1424,14.758149827062498,,1
N1710,21.2374,92.1593,16.51039401558141,,1
N1711,21.2319,92.0588,6.094459608059428,,1
N1712,21.1561,92.1299,13.470688827669546,,1
N1713,21.2826,92.1483,15.36559962198538,,1
N1714,21.2932,92.15,15.540619028724583,,1
N1715,21.3255,92.1181,12.232957238556608,,1
N1716,21.2875,92.1205,12.484781451422412,,1
N1717,21.2873,92.1339,13.8731493813621,,1
N1718,21.2769,92.0918,9.511913235669804,,1
N1719,21.2651,92.1669,17.29483175596307,,1
N1720,21.2235,92.1378,14.283407119451512,,1
N1721,21.2453,92.1203,12.467633323857823,,1
N1722,21.2526,92.0922,9.554936439865092,,1
N1723,21.2795,92.0581,6.019960753697588,,1
N1724,21.1789,92.1165,12.079241400317972,,1
N1725,21.1738,92.1761,18.259465248155028,,1
N1726,21.2842,92.0557,5.771103275088845,,1
N1727,21.2864,92.0524,5.429107506395901,,1
N1728,21.2482,92.1372,14.218833057310835,,1
N1729,21.2627,92.1196,12.393622786845036,,1
N1730,21.2678,92.0784,8.123966387815546,,1
N1731,21.2565,92.1983,20.54982248738618,,0
N1732,21.2421,92.1103,11.431503068730128,,1
N1733,21.2714,92.1074,11.12873267706238,,1
N1734,21.2983,92.1597,16.5450049096699,,1
N1735,21.2869,92.0899,9.314410324287692,,1
N1736,21.2712,92.0785,8.134140690556123,,1
N1737,21.2415,92.1522,15.774087194334426,,1
N1738,21.2425,92.1567,16.240359316540495,,1
N1739,21.289,92.1572,16.287033944701914,,1
N1740,21.2676,92.0826,8.559190492443609,,1
N1741,21.1823,92.1441,14.940589201841837,,1
N1742,21.2714,92.1363,14.123335624188048,,1
N1743,21.2595,92.114,11.81357612908138,,1
N1744,21.2594,92.1979,20.50796667910863,,0
N1745,21.0999,92.1325,13.745519092644845,,1
N1746,21.2824,92.1572,16.287764895283487,,1
N1747,21.2384,92.166,17.204688050397504,,1
N1748,21.2371,92.1744,18.075446021716257,,1
N1749,21.1725,92.1792,18.581061459471155,,1
N1750,21.2483,92.1493,15.472815761515369,,1
N1751,21.2449,92.1649,17.08992744544521,,1
N1752,21.184,92.069,7.153982155422865,,1
N1753,21.2474,92.1382,14.322546619326786,,1
N1754,21.265,92.1666,17.26375631012909,,1
N1755,21.2007,92.1658,17.188350156594442,,1
N1756,21.2129,92.1777,18.42049133067828,,1
N1757,21.2,92.1561,16.18283587603269,,1
N1758,21.2052,92.1506,15.61210305412998,,0
N1759,21.2104,92.1493,15.476792184744433,,1
N1760,21.2194,92.1756,18.202002431230003,,1
N1761,21.2221,92.1762,18.263861863420253,,1
N1762,21.223,92.1756,18.201558350814512,,1
N1763,21.2557,92.1324,13.720682674003626,,1
N1764,21.1847,92.1823,18.900937829363997,,1
N1765,21.3052,92.1659,17.186521100354327,,0
N1766,21.2301,92.1861,19.288991784745782,,1
N1767,21.3278,92.1326,13.734671447921844,,1
N1768,21.2827,92.1596,16.53639931308063,,1
N1769,21.2429,92.1561,16.17813152613141,,1
N1770,21.2741,92.1756,18.19524712793068,,1
N1771,21.271,92.0841,8.714422428659201,,1
N1772,21.2612,92.1733,17.958500440783002,,1
N1773,21.2801,92.1055,10.931209310567567,,1
N1774,21.2711,92.1054,10.9215159774532,,1
N1775,21.2724,92.1032,10.693458195137088,,1
N1776,21.3014,92.1031,10.680989769119892,,1
N1777,21.2759,92.0783,8.113157637541024,,1
N1778,21.2186,92.0708,7.338888460325537,,0
N1779,21.1797,92.0689,7.143821821295107,,1
N1780,21.267,92.1214,12.579781444787848,,1
N1781,21.2572,92.1682,17.43047795409159,,1
N1782,21.1882,92.1676,17.37642459253942,,1
N1783,21.2147,92.0621,6.437246006654747,,1
N1784,21.2769,92.139,14.402569887642985,,1
N1785,21.3249,92.1279,13.248108558932948,,1
N1786,21.159,92.1852,19.204947109133663,,1
N1787,21.2771,92.0706,7.315252346976143,,1
N1788,21.3189,92.1195,12.378527680293132,,1
N1789,21.2726,92.17,17.61516828682182,,1
N1790,21.288,92.0854,8.848105589406403,,1
N1791,21.2426,92.0771,7.990624713531426,,0
N1792,21.2098,92.0738,7.650314380327633,,0
N1793,21.2365,92.0792,8.208607846103874,,0
N1794,21.1386,92.0916,9.500083953768792,,1
N1795,21.102,92.1151,11.940278357529603,,1
N1796,21.1104,92.1139,11.815123772541376,,1
N1797,21.1147,92.1103,11.441355487992308,,1
N1798,21.2672,92.0813,8.424504578341866,,1
N1799,21.2565,92.1132,11.730912801040692,,1
N1800,21.2553,92.1192,12.352793242308572,,1
N1801,21.2349,92.1588,16.458851391035147,,1
N1802,21.2353,92.1555,16.11677866960845,,1
N1803,21.2332,92.1525,15.80606915868684,,1
N1804,21.2473,92.1117,11.57619074333462,,1
N1805,21.3003,92.1689,17.497891581682662,,1
N1806,21.2472,92.1476,15.29674920979407,,1
N1807,21.2752,92.1023,10.599999601313668,,1
N1808,21.2237,92.1547,16.03512385949162,,1
N1809,21.2381,92.1639,16.98707296934962,,1
N1810,21.2296,92.1816,18.82263725315603,,1
N1811,21.2559,92.1129,11.699871471742778,,1
N1812,21.2884,92.1056,10.940953191153808,,1
N1813,21.2684,92.1202,12.455315892010017,,1
N1814,21.2468,92.1467,15.203517624849928,,1
N1815,21.2457,92.071,7.358267475035425,,0
N1816,21.3173,92.1126,11.66391138232702,,1
N1817,21.3207,92.1148,11.891527671758464,,1
N1818,21.1541,92.1806,18.728554282821992,,1
N1819,21.2884,92.0927,9.604416336747768,,1
N1820,21.2137,92.0557,5.773865251447339,,1
N1821,21.1792,92.0538,5.57821356613173,,1
N1823,21.253,92.0539,5.58578829195159,,1
N1824,21.141,92.0845,8.763581811027711,,0
N1825,21.1169,92.1923,19.94687167299964,,1
N1826,21.0855,92.2178,22.596710560036367,,1
N1827,21.0971,92.2176,22.574197781988133,,1
N1828,21.1042,92.2159,22.396765899583578,,1
N1829,21.121,92.2042,21.18064787458706,,1
N1830,21.0964,92.2192,22.740291689780307,,1
N1831,21.0972,92.2208,22.906155801670913,,1
N1832,21.092,92.22,22.82396156039639,,1
N1833,21.0919,92.2213,22.958845858070056,,1
N1834,21.091,92.2209,22.917486570359685,,1
N1835,21.1047,92.2125,22.043986730822738,,1
N1836,21.0848,92.2138,22.181815837419283,,1
N1837,21.0815,92.2151,22.317186764026037,,1
N1838,21.0702,92.2219,23.02445434810658,,1
N1839,21.0619,92.2294,23.803986151698354,,1
N1840,21.0107,92.2561,26.58368000173791,,1
N1841,21.0571,92.2262,23.47269127014574,,1
N1842,21.015,92.2447,25.399605750334924,,1
N1843,21.001,92.2516,26.118269126741385,,1
N1844,20.9738,92.2426,25.188577728384107,,1
N1845,20.9954,92.2379,24.697016681617193,,1
N1846,21.0007,92.2619,27.18755315770153,,1
N1847,20.9991,92.2611,27.104796596719915,,1
N1848,20.9756,92.2403,24.94947379284017,,1
N1849,20.9977,92.2406,24.97692582841484,,1
N1850,21.0015,92.2434,25.266953301029364,,1
N1851,21.0177,92.2339,24.2781376262479,,1
N1852,20.9893,92.2367,24.573445439170023,,1
N1853,21.0082,92.2355,24.44576983356891,,1
N1854,21.0063,92.2364,24.539505630830803,,1
N1855,21.0157,92.258,26.78000594552771,,1
N1856,20.9855,92.2533,26.29747364878459,,1
N1857,20.9833,92.25,25.955251692433613,,1
N1858,20.9811,92.2501,25.96601615481155,,1
N1859,20.9785,92.2506,26.018380150477835,,1
N1860,20.9703,92.25,25.95750965651288,,1
N1861,20.9722,92.2657,27.58729025361354,,1
N1862,20.9725,92.2503,25.98827618026637,,1
N1863,21.0319,92.2445,25.37596909133912,,1
N1864,21.0241,92.2429,25.211228982134184,,1
N1865,21.0298,92.2412,25.033824189189524,,1
N1866,21.0144,92.2586,26.8425189860039,,1
N1867,21.0139,92.2587,26.852988941231423,,1
N1868,20.9809,92.2403,24.948588897451028,,1
N1869,20.9875,92.2391,24.8229049709203,,1
N1870,20.9923,92.2387,24.78058124248889,,1
N1871,20.9782,92.2398,24.897127453874884,,1
N1872,20.9858,92.2384,24.75051402022348,,1
N1873,20.9799,92.2391,24.824167854099255,,1
N1874,20.9829,92.2387,24.78214089320502,,1
N1875,21.0226,92.2562,26.591938187791104,,1
N1876,20.9383,92.26,27.001584286504237,,1
N1877,20.9363,92.2608,27.08502780021917,,1
N1878,20.9345,92.2619,27.19959367809401,,1
N1879,20.9326,92.2622,27.231095568981814,,1
N1880,20.9386,92.2671,27.738879499969883,,1
N1881,20.9289,92.2635,27.366784532750103,,1
N1882,20.9242,92.2635,27.36764298758857,,1
N1883,20.9221,92.264,27.419958220364116,,0
N1884,20.9195,92.2647,27.49313956597414,,0
N1885,20.9169,92.2664,27.6701904346623,,0
N1886,20.8572,92.3045,31.640103272773352,,1
N1887,20.8577,92.3143,32.65829654051909,,1
N1888,20.85,92.3027,31.45457392392493,,1
N1889,20.8345,92.2792,29.01559882572139,,1
N1890,20.8526,92.2861,29.729098774008943,,1
N1891,20.8478,92.2803,29.127341216683423,,1
N1892,20.8756,92.2752,28.592088022851716,,1
N1893,20.8693,92.2902,30.151786804321542,,1
N1894,20.8569,92.2971,30.871243030047136,,1
N1895,20.8546,92.2835,29.458537057092215,,1
N1896,20.8542,92.2829,29.39626914361223,,1
N1897,20.8564,92.3048,31.6714442631339,,1
N1898,20.8626,92.2865,29.76868371130411,,1
N1899,20.8745,92.2808,29.17411722375365,,1
N1900,20.8604,92.2932,30.46529050450958,,1
N1901,20.857,92.2889,30.019172836134725,,1
N1902,20.8604,92.2818,29.28076041862836,,1
N1903,20.8605,92.2769,28.77160114669089,,1
N1904,20.8629,92.2845,29.560815465618077,,1
N1905,20.847,92.2956,30.717401793107335,,1
N1906,20.9039,92.2507,26.04173504228188,,1
N1907,20.8566,92.2795,29.042510201489502,,1
N1908,20.8715,92.2908,30.213684476367145,,1
N1909,20.9008,92.2538,26.36429561456688,,1
N1910,20.8924,92.2442,25.3684847097016,,1
N1911,20.8981,92.2562,26.6140822212704,,1
N1912,20.8958,92.2575,26.74953629995419,,1
N1913,20.8907,92.244,25.347994970911547,,1
N1914,20.8887,92.2464,25.59766048188483,,1
N1915,20.8949,92.2587,26.874355466941218,,1
N1916,20.8935,92.2601,27.02004271710399,,1
N1917,20.8916,92.2611,27.12426932077259,,1
N1918,20.8878,92.2642,27.447006254824732,,1
N1919,20.8945,92.2413,25.066870306626356,,1
N1920,20.884,92.2672,27.759370384279737,,1
N1921,20.8826,92.2687,27.915465378341825,,1
N1922,20.8763,92.2558,26.576388659457457,,1
N1923,20.8546,92.3006,31.235400695197622,,1
N1924,20.8731,92.2563,26.628903405229103,,1
N1925,20.8663,92.2711,28.167859085091543,,1
N1926,20.8773,92.2723,28.29047051513285,,1
N1927,20.8648,92.2646,27.49276994718452,,1
N1928,20.8768,92.2863,29.745092048746443,,1
N1929,20.8751,92.2968,30.836336478336097,,1
N1930,20.8745,92.2981,30.971524943168728,,1
N1931,20.87,92.2987,31.034792195152313,,1
N1932,20.8475,92.2837,29.480710505178845,,1
N1933,20.8557,92.2871,29.832395423440538,,1
N1934,20.8552,92.2845,29.56232927681209,,1
N1935,20.8757,92.2743,28.498562974306513,,1
N1936,21.1388,92.2037,21.12624873206713,,1
N1937,21.1248,92.2083,21.605366787718076,,1
N1938,21.1008,92.2168,22.490644015925117,,1
N1939,21.0099,92.2602,27.00941275456313,,1
N1940,20.9761,92.2656,27.576187812626735,,1
N1941,20.8264,92.325,33.77713624370473,,0
N1942,21.1042,92.196,20.33240470369563,,1
N1943,21.0988,92.2073,21.505412054573497,,1
N1944,21.0847,92.2229,23.125959050932952,,1
N1945,21.013,92.1927,20.002328735323513,,1
N1946,21.0155,92.1916,19.88781500041246,,1
N1947,21.07,92.1455,15.097173353805111,,1
N1949,21.0595,92.1495,15.513310851090647,,1
N1950,20.8261,92.3219,33.455021069213544,,1
N1951,20.8341,92.3162,32.86087535497279,,1
