location_id,risk_label,risk_cluster,risk_score_knn
N1,high,1,0.0
N2,high,1,0.0
N3,high,1,0.0
N4,high,1,1.0
N5,high,1,1.0
N6,high,1,1.0
N7,high,1,0.0
N8,high,1,0.6667
N9,high,1,0.0
N10,high,1,0.0
N11,high,1,0.0
N12,high,1,0.0
N13,high,1,0.0
N14,low,1,1.0
N15,high,1,0.0
N16,high,1,0.0
N17,high,1,0.0
N18,high,1,0.0
N19,high,1,0.0
N20,high,1,0.0
N21,low,1,0.6667
N22,high,1,0.0
N23,high,1,0.0
N24,high,1,0.0
N39,high,1,1.0
N40,high,1,1.0
N41,high,1,1.0
N42,low,1,1.0
N43,low,2,1.0
N44,low,2,1.0
N45,low,2,0.3333
N46,low,2,1.0
N47,low,2,1.0
N48,low,2,1.0
N49,low,2,0.3333
N50,low,2,0.3333
N51,low,2,0.0
N52,low,2,0.0
N53,low,2,0.6667
N54,low,2,1.0
N55,low,2,1.0
N56,low,2,1.0
N57,low,2,1.0
N58,low,2,1.0
N59,low,2,0.0
N60,low,2,1.0
N61,low,2,0.3333
N62,low,2,1.0
N63,low,2,1.0
N64,low,2,1.0
N65,low,2,0.3333
N66,low,2,1.0
N67,low,2,1.0
N68,low,2,1.0
N69,low,2,1.0
N70,low,2,0.6667
N71,low,2,0.0
N72,low,2,0.0
N73,low,2,0.0
N74,low,2,0.0
N75,low,2,0.0
N76,low,2,0.6667
N77,low,2,0.3333
N78,high,1,1.0
N79,high,1,1.0
N80,high,1,1.0
N81,high,1,1.0
N82,high,1,1.0
N83,high,1,1.0
N84,high,1,1.0
N85,high,1,1.0
N86,high,1,1.0
N87,high,1,1.0
N88,high,1,1.0
N89,high,1,1.0
N90,high,1,1.0
N91,high,1,1.0
N92,high,1,1.0
N93,high,1,1.0
N94,high,1,1.0
N95,high,1,1.0
N96,high,1,1.0
N97,high,1,1.0
N98,high,1,1.0
N99,high,1,1.0
N100,high,1,1.0
N101,high,1,1.0
N102,low,1,0.0
N103,high,1,1.0
N104,high,0,1.0
N105,high,0,1.0
N106,high,0,1.0
N107,high,0,1.0
N108,high,0,1.0
N109,high,0,1.0
N110,low,1,1.0
N111,high,0,1.0
N112,high,0,1.0
N113,high,0,1.0
N114,high,0,1.0
N115,high,0,1.0
N116,high,0,1.0
N117,high,1,1.0
N118,high,0,1.0
N119,high,1,1.0
N120,low,1,1.0
N121,high,1,1.0
N122,high,0,1.0
N123,high,0,1.0
N124,high,0,1.0
N125,high,0,1.0
N126,high,0,1.0
N127,high,0,1.0
N128,high,1,1.0
N129,high,1,1.0
N130,high,0,1.0
N131,high,0,1.0
N132,high,0,1.0
N133,high,0,1.0
N134,high,0,1.0
N135,high,0,1.0
N136,high,0,1.0
N137,high,0,1.0
N138,high,0,1.0
N139,high,0,1.0
N140,high,0,1.0
N141,high,0,1.0
N142,high,0,1.0
N143,high,0,1.0
N144,high,0,1.0
N145,high,0,1.0
N146,high,0,1.0
N147,high,0,1.0
N148,high,0,1.0
N149,high,0,1.0
N150,high,0,1.0
N151,high,0,1.0
N152,high,0,1.0
N153,high,0,1.0
N154,high,0,1.0
N155,high,0,1.0
N156,high,0,1.0
N157,high,0,1.0
N158,high,0,1.0
N159,high,0,1.0
N160,high,0,1.0
N161,high,0,1.0
N162,high,0,1.0
N163,high,0,1.0
N164,high,0,1.0
N165,high,0,1.0
N166,high,0,1.0
N167,high,0,1.0
N168,high,0,1.0
N169,high,0,1.0
N170,high,0,1.0
N171,high,0,1.0
N172,high,0,1.0
N173,high,0,1.0
N174,high,0,1.0
N175,high,0,1.0
N176,high,0,1.0
N177,high,0,1.0
N178,high,0,1.0
N179,high,0,1.0
N180,high,0,1.0
N181,high,0,1.0
N182,high,0,1.0
N183,high,0,1.0
N184,high,0,1.0
N185,high,0,1.0
N186,high,0,1.0
N187,high,0,1.0
N188,high,0,1.0
N189,high,0,1.0
N190,high,0,1.0
N191,high,0,1.0
N192,high,0,1.0
N193,high,0,1.0
N194,high,0,1.0
N195,high,0,1.0
N196,high,0,1.0
N197,high,0,1.0
N198,high,0,1.0
N199,high,0,1.0
N200,high,0,1.0
N201,high,0,1.0
N202,high,0,1.0
N203,high,0,1.0
N204,high,0,1.0
N205,high,0,1.0
N206,high,0,1.0
N207,high,0,1.0
N208,high,0,1.0
N209,high,0,1.0
N210,high,0,1.0
N211,high,0,1.0
N212,high,0,1.0
N213,high,0,1.0
N214,high,0,1.0
N215,high,0,1.0
N216,high,0,1.0
N217,high,0,1.0
N218,high,0,1.0
N219,high,0,1.0
N220,high,0,1.0
N221,high,0,1.0
N222,high,0,1.0
N223,high,0,1.0
N224,high,0,1.0
N225,high,0,1.0
N226,high,0,1.0
N227,high,0,1.0
N228,high,0,1.0
N229,high,0,1.0
N230,high,0,1.0
N231,high,0,1.0
N232,high,0,0.6667
N233,high,0,1.0
N234,high,0,1.0
N235,high,0,1.0
N236,high,0,1.0
N237,high,0,1.0
N238,high,0,1.0
N239,high,0,1.0
N240,high,0,1.0
N241,high,0,1.0
N242,high,0,1.0
N243,high,0,1.0
N244,high,0,1.0
N245,high,0,1.0
N246,high,0,1.0
N247,high,0,1.0
N248,high,0,1.0
N249,high,0,1.0
N250,high,0,1.0
N251,high,0,1.0
N252,high,0,1.0
N253,high,0,1.0
N254,high,0,1.0
N255,high,0,1.0
N256,high,0,1.0
N257,high,0,1.0
N258,high,0,1.0
N259,high,0,1.0
N260,high,0,1.0
N261,high,0,1.0
N262,high,0,1.0
N263,high,0,1.0
N264,high,0,1.0
N265,high,0,1.0
N266,high,0,1.0
N267,high,0,1.0
N268,high,0,1.0
N269,high,0,1.0
N270,high,0,1.0
N271,high,0,1.0
N272,high,0,1.0
N273,high,0,1.0
N274,high,0,1.0
N275,high,0,1.0
N276,high,0,1.0
N277,high,0,1.0
N278,high,0,1.0
N279,high,0,1.0
N280,high,0,1.0
N281,high,0,1.0
N282,high,0,1.0
N283,high,0,1.0
N284,high,0,1.0
N285,high,1,1.0
N286,high,1,1.0
N287,high,1,1.0
N288,high,1,1.0
N289,high,1,1.0
N290,high,1,1.0
N291,high,0,1.0
N292,high,0,1.0
N293,high,0,1.0
N294,high,0,1.0
N295,high,0,1.0
N296,high,0,1.0
N297,high,0,1.0
N298,high,0,1.0
N299,high,0,1.0
N300,high,0,1.0
N301,high,0,1.0
N302,high,0,1.0
N303,high,0,1.0
N304,high,0,1.0
N305,high,0,1.0
N306,high,0,1.0
N307,high,0,1.0
N308,high,1,1.0
N309,high,0,1.0
N310,high,0,1.0
N311,high,0,0.3333
N312,high,0,1.0
N313,high,0,1.0
N314,high,0,1.0
N315,high,0,1.0
N316,high,0,1.0
N317,high,0,1.0
N318,high,0,1.0
N319,high,0,1.0
N320,high,0,1.0
N321,high,0,1.0
N322,high,0,1.0
N323,high,0,1.0
N324,high,0,1.0
N325,high,0,1.0
N326,high,0,1.0
N327,high,0,1.0
N328,high,0,1.0
N329,high,0,1.0
N330,high,0,1.0
N331,high,0,1.0
N332,high,0,1.0
N333,high,0,1.0
N334,high,0,1.0
N335,high,0,1.0
N336,high,0,1.0
N337,high,0,1.0
N338,low,1,1.0
N339,high,1,1.0
N340,high,1,1.0
N341,high,1,1.0
N342,high,0,1.0
N343,high,0,1.0
N344,high,0,1.0
N345,high,0,1.0
N346,high,0,1.0
N347,high,0,1.0
N348,high,0,1.0
N349,high,0,1.0
N350,high,0,1.0
N351,high,0,1.0
N352,high,0,1.0
N353,high,0,1.0
N354,high,0,1.0
N355,high,0,1.0
N356,high,0,1.0
N357,high,0,1.0
N358,high,0,1.0
N359,high,0,1.0
N360,high,0,1.0
N366,high,1,1.0
N367,high,1,1.0
N368,high,1,1.0
N369,high,1,1.0
N372,high,0,1.0
N373,high,0,1.0
N374,high,0,1.0
N375,high,0,1.0
N377,high,0,1.0
N378,high,0,1.0
N379,high,0,1.0
N380,high,0,1.0
N381,high,0,1.0
N382,high,0,1.0
N383,high,1,1.0
N384,high,1,1.0
N387,high,0,1.0
N388,high,0,1.0
N389,high,1,1.0
N390,high,1,0.6667
N391,high,0,1.0
N392,high,0,1.0
N393,high,0,1.0
N394,high,0,1.0
N395,high,0,1.0
N396,high,0,1.0
N397,high,0,1.0
N398,high,0,1.0
N399,high,1,1.0
N400,high,1,1.0
N401,high,0,1.0
N402,high,0,1.0
N403,high,1,1.0
N404,high,1,1.0
N405,high,0,0.6667
N406,high,0,0.6667
N407,high,0,1.0
N408,high,0,1.0
N409,high,0,1.0
N410,high,0,1.0
N411,high,0,1.0
N412,high,0,1.0
N413,high,0,1.0
N414,high,0,1.0
N415,high,0,1.0
N416,high,0,0.6667
N417,high,0,1.0
N418,high,1,1.0
N419,high,0,1.0
N420,high,0,1.0
N421,high,0,1.0
N422,high,0,1.0
N424,low,1,1.0
N425,low,1,1.0
N426,high,0,1.0
N427,high,0,1.0
N428,high,0,1.0
N429,high,0,1.0
N430,high,0,1.0
N431,high,0,1.0
N432,high,0,1.0
N433,high,0,1.0
N434,high,0,1.0
N435,high,0,1.0
N442,high,1,1.0
N443,high,1,1.0
N450,high,1,1.0
N451,high,1,1.0
N452,high,1,1.0
N453,high,1,1.0
N454,high,1,1.0
N455,high,1,1.0
N460,high,1,1.0
N461,high,1,1.0
N462,high,1,1.0
N463,high,1,1.0
N464,high,1,1.0
N465,high,1,1.0
N466,high,1,1.0
N467,high,1,1.0
N468,low,1,1.0
N469,low,1,1.0
N470,low,1,1.0
N471,low,1,1.0
N472,low,1,1.0
N473,low,1,1.0
N474,low,1,1.0
N475,low,1,1.0
N476,low,1,1.0
N477,low,1,1.0
N478,low,1,1.0
N479,low,1,1.0
N480,low,1,1.0
N481,low,1,1.0
N482,low,1,1.0
N483,low,1,1.0
N484,low,1,1.0
N485,low,1,1.0
N486,low,1,1.0
N487,low,1,1.0
N488,low,1,1.0
N489,low,1,1.0
N490,low,1,1.0
N491,low,1,1.0
N492,low,1,1.0
N493,low,1,1.0
N494,low,1,1.0
N495,low,1,1.0
N496,low,1,1.0
N497,low,1,1.0
N498,low,1,1.0
N499,low,1,1.0
N500,low,1,1.0
N501,low,1,1.0
N502,low,1,1.0
N503,low,1,1.0
N504,low,1,1.0
N505,low,1,1.0
N506,low,1,1.0
N507,low,1,1.0
N508,low,1,1.0
N509,low,1,1.0
N510,low,1,1.0
N511,low,1,1.0
N512,low,2,1.0
N513,low,1,1.0
N514,low,2,1.0
N515,low,1,1.0
N518,high,0,1.0
N519,high,0,1.0
N520,high,0,1.0
N521,high,0,1.0
N522,high,0,1.0
N523,high,0,1.0
N524,high,0,1.0
N525,high,0,1.0
N526,high,0,1.0
N527,high,0,1.0
N528,high,0,1.0
N529,high,0,1.0
N530,high,0,1.0
N531,high,0,1.0
N532,high,0,1.0
N533,high,0,1.0
N534,high,0,1.0
N535,high,0,1.0
N536,high,0,1.0
N537,high,0,1.0
N538,high,0,1.0
N539,high,0,1.0
N540,high,0,1.0
N541,high,0,1.0
N542,high,0,1.0
N543,high,0,1.0
N544,high,0,1.0
N545,high,0,1.0
N546,high,0,1.0
N547,high,0,1.0
N548,high,0,1.0
N549,high,0,1.0
N550,high,0,1.0
N551,high,0,1.0
N552,high,0,1.0
N553,high,0,1.0
N554,low,1,1.0
N555,low,1,1.0
N556,low,1,1.0
N557,low,1,1.0
N558,low,1,1.0
N559,low,1,1.0
N560,low,1,1.0
N561,low,1,1.0
N562,low,1,1.0
N563,low,1,1.0
N564,low,1,1.0
N565,low,1,1.0
N566,low,1,1.0
N567,low,1,1.0
N568,low,1,1.0
N569,low,1,1.0
N570,low,1,1.0
N571,low,1,1.0
N572,low,1,1.0
N573,low,1,1.0
N574,low,1,1.0
N575,low,1,1.0
N576,low,1,1.0
N577,low,1,1.0
N578,low,1,1.0
N579,low,1,1.0
N580,low,1,1.0
N581,low,1,1.0
N582,low,1,1.0
N583,low,1,1.0
N584,high,1,1.0
N585,high,1,1.0
N586,high,1,1.0
N587,high,1,1.0
N588,high,1,1.0
N589,high,1,1.0
N590,high,1,1.0
N591,high,1,1.0
N592,high,1,1.0
N593,high,1,1.0
N594,high,1,1.0
N595,high,1,1.0
N596,high,1,1.0
N597,high,1,1.0
N598,high,1,1.0
N599,high,1,1.0
N600,high,1,1.0
N601,high,1,1.0
N602,high,1,1.0
N603,high,1,1.0
N604,high,1,1.0
N605,high,1,1.0
N606,high,1,1.0
N607,high,1,1.0
N608,high,1,1.0
N609,high,1,1.0
N610,high,1,1.0
N611,high,1,1.0
N612,high,1,1.0
N613,high,1,1.0
N614,high,1,1.0
N615,high,1,1.0
N616,high,1,1.0
N617,high,1,1.0
N618,high,1,1.0
N619,high,1,1.0
N620,high,1,1.0
N621,high,1,1.0
N622,high,1,1.0
N623,high,1,1.0
N624,high,1,1.0
N625,high,1,1.0
N626,high,1,1.0
N627,high,1,1.0
N628,high,1,1.0
N629,high,1,1.0
N630,high,1,1.0
N631,high,1,1.0
N632,low,2,1.0
N633,low,2,1.0
N634,low,2,1.0
N635,low,2,1.0
N636,low,2,1.0
N637,low,2,1.0
N638,low,2,1.0
N639,low,1,1.0
N640,low,1,1.0
N641,low,1,1.0
N642,low,2,1.0
N643,low,1,1.0
N644,low,1,1.0
N645,low,2,1.0
N646,low,2,1.0
N647,low,1,1.0
N648,low,2,1.0
N649,low,2,1.0
N650,low,1,1.0
N651,low,2,1.0
N652,low,2,1.0
N653,low,2,1.0
N654,high,1,0.3333
N655,low,2,1.0
N656,low,2,1.0
N657,low,2,1.0
N658,low,2,1.0
N659,low,2,1.0
N660,low,2,1.0
N661,low,1,1.0
N662,low,2,1.0
N663,low,2,1.0
N664,low,2,1.0
N665,low,2,1.0
N666,low,2,1.0
N667,low,2,1.0
N668,low,2,1.0
N669,low,2,1.0
N670,low,2,1.0
N671,low,2,1.0
N672,low,2,1.0
N673,low,2,1.0
N674,low,1,1.0
N675,low,1,1.0
N676,low,1,1.0
N677,low,1,1.0
N678,low,1,1.0
N679,low,1,1.0
N680,low,2,1.0
N681,low,2,1.0
N682,low,1,1.0
N683,low,1,1.0
N684,low,2,1.0
N685,low,1,1.0
N686,low,2,1.0
N687,low,2,1.0
N688,low,2,1.0
N689,low,2,1.0
N690,low,1,1.0
N691,low,2,1.0
N692,low,1,1.0
N693,low,2,1.0
N694,low,2,1.0
N695,low,2,1.0
N696,low,2,1.0
N697,low,2,1.0
N698,low,2,1.0
N699,low,2,1.0
N700,low,2,1.0
N701,low,2,1.0
N702,low,2,1.0
N703,low,2,1.0
N704,low,2,1.0
N705,low,2,1.0
N706,low,2,1.0
N707,low,2,1.0
N708,low,2,1.0
N709,low,2,1.0
N710,low,2,1.0
N711,low,2,1.0
N712,low,2,1.0
N713,low,2,1.0
N714,low,2,1.0
N715,low,2,1.0
N716,low,2,1.0
N717,low,2,1.0
N718,low,2,1.0
N719,low,2,1.0
N720,low,2,1.0
N721,low,2,1.0
N722,low,2,1.0
N723,low,2,1.0
N724,low,2,1.0
N725,low,2,1.0
N726,low,2,1.0
N727,low,2,1.0
N728,low,1,1.0
N729,low,1,1.0
N730,low,1,1.0
N731,low,2,1.0
N732,low,1,1.0
N733,low,1,1.0
N734,low,2,1.0
N735,low,2,1.0
N736,low,2,1.0
N737,low,2,1.0
N738,low,2,1.0
N739,low,1,1.0
N740,low,2,1.0
N741,low,2,1.0
N742,low,2,1.0
N743,low,2,1.0
N744,low,1,1.0
N745,low,2,1.0
N746,low,2,1.0
N747,low,2,1.0
N748,low,2,1.0
N749,low,2,1.0
N750,low,1,1.0
N751,low,2,1.0
N752,low,2,1.0
N753,low,2,1.0
N754,low,2,1.0
N755,low,2,1.0
N756,low,2,1.0
N757,low,2,1.0
N758,low,1,1.0
N759,low,2,1.0
N760,low,2,1.0
N761,low,2,1.0
N762,low,1,1.0
N763,low,2,1.0
N764,low,1,1.0
N765,low,2,1.0
N766,low,1,1.0
N767,low,1,1.0
N768,low,1,1.0
N769,low,2,1.0
N770,low,2,1.0
N771,low,2,1.0
N772,low,2,1.0
N773,low,2,1.0
N774,low,2,1.0
N775,low,2,1.0
N776,low,2,1.0
N777,low,2,1.0
N778,low,2,1.0
N779,low,1,1.0
N780,low,2,1.0
N781,low,2,1.0
N782,low,2,1.0
N783,low,2,1.0
N784,low,2,1.0
N785,low,2,1.0
N786,low,2,1.0
N787,low,1,1.0
N788,low,1,1.0
N789,low,2,1.0
N790,low,2,1.0
N791,low,2,1.0
N792,low,2,1.0
N793,low,2,1.0
N794,low,2,1.0
N795,low,1,1.0
N796,low,2,1.0
N797,low,2,1.0
N798,low,1,1.0
N799,low,2,1.0
N800,low,1,1.0
N801,low,2,1.0
N802,low,1,1.0
N803,low,2,1.0
N804,low,2,1.0
N805,low,2,1.0
N806,low,2,1.0
N807,low,2,1.0
N808,low,2,1.0
N809,low,2,1.0
N810,low,1,1.0
N811,low,1,1.0
N812,low,1,1.0
N813,low,2,1.0
N814,low,2,1.0
N815,low,1,1.0
N816,low,1,1.0
N817,low,1,1.0
N818,low,1,1.0
N819,low,1,1.0
N820,low,1,1.0
N821,low,2,1.0
N822,low,2,1.0
N823,low,2,1.0
N824,low,2,1.0
N825,low,1,1.0
N826,low,2,1.0
N827,low,1,1.0
N828,low,1,1.0
N829,low,2,1.0
N830,low,2,1.0
N831,low,2,1.0
N832,low,2,1.0
N833,low,2,1.0
N834,low,2,0.6667
N835,low,2,1.0
N836,low,2,0.0
N837,low,1,1.0
N838,low,1,1.0
N839,low,1,1.0
N840,low,1,1.0
N841,low,1,1.0
N842,low,1,1.0
N843,low,1,1.0
N844,low,1,1.0
N845,high,1,1.0
N846,low,1,1.0
N847,low,1,1.0
N848,low,1,1.0
N849,low,1,1.0
N850,low,1,1.0
N851,low,1,1.0
N852,low,1,1.0
N853,low,1,1.0
N854,high,1,1.0
N855,high,1,1.0
N856,high,1,1.0
N857,high,1,1.0
N858,high,1,1.0
N859,high,1,0.6667
N860,high,1,1.0
N861,high,1,1.0
N862,high,1,1.0
N863,low,1,1.0
N864,low,1,1.0
N865,high,1,1.0
N866,low,1,1.0
N867,low,1,1.0
N868,high,1,1.0
N869,high,1,1.0
N870,low,2,0.6667
N871,high,1,1.0
N872,low,2,1.0
N873,low,2,1.0
N874,low,2,1.0
N875,low,2,1.0
N876,low,1,1.0
N877,low,1,1.0
N878,low,1,1.0
N879,low,1,1.0
N880,low,2,1.0
N881,low,1,1.0
N882,low,1,1.0
N883,low,1,1.0
N884,low,1,1.0
N885,low,1,0.6667
N886,low,1,1.0
N887,low,1,1.0
N888,low,2,1.0
N889,low,2,1.0
N890,low,2,1.0
N891,low,2,1.0
N892,low,2,1.0
N893,low,2,1.0
N894,low,2,1.0
N895,low,2,1.0
N896,low,2,1.0
N897,low,2,1.0
N898,low,1,1.0
N899,low,2,1.0
N900,low,2,1.0
N901,low,2,1.0
N902,low,2,1.0
N903,low,2,1.0
N904,low,2,1.0
N905,low,2,1.0
N906,low,2,1.0
N907,low,2,1.0
N908,low,2,1.0
N909,low,2,1.0
N910,low,2,1.0
N911,low,2,1.0
N912,low,2,1.0
N913,low,1,1.0
N914,low,1,1.0
N915,low,1,1.0
N916,low,1,1.0
N917,low,1,1.0
N918,low,2,1.0
N919,low,2,1.0
N920,low,2,1.0
N921,low,2,1.0
N922,low,2,1.0
N923,low,2,1.0
N924,low,2,1.0
N925,low,2,1.0
N926,low,2,1.0
N927,low,1,1.0
N928,low,1,1.0
N929,low,1,1.0
N930,low,1,1.0
N931,low,1,1.0
N932,low,1,1.0
N933,low,1,1.0
N934,low,1,1.0
N935,low,1,1.0
N936,low,1,1.0
N937,low,1,1.0
N938,low,1,1.0
N939,low,1,1.0
N940,low,1,1.0
N941,low,2,1.0
N942,low,2,1.0
N943,low,2,1.0
N944,low,2,1.0
N945,low,2,1.0
N946,low,2,1.0
N947,low,2,1.0
N948,low,2,1.0
N949,low,2,1.0
N950,low,2,1.0
N951,low,2,1.0
N952,low,2,1.0
N953,low,2,1.0
N954,low,2,1.0
N955,low,2,1.0
N956,low,2,1.0
N957,low,2,1.0
N958,low,2,1.0
N959,low,2,1.0
N960,low,2,1.0
N961,low,2,0.0
N962,low,2,0.0
N963,low,2,1.0
N964,low,2,1.0
N965,low,2,0.0
N966,low,2,1.0
N967,low,2,1.0
N968,low,2,1.0
N969,low,2,0.6667
N970,low,1,1.0
N971,low,1,1.0
N972,low,1,1.0
N973,low,1,1.0
N974,low,1,1.0
N975,high,1,1.0
N976,high,1,1.0
N977,high,1,1.0
N978,high,1,1.0
N979,high,1,1.0
N980,low,1,1.0
N981,low,1,1.0
N982,low,1,1.0
N983,low,1,1.0
N984,low,1,1.0
N985,low,1,1.0
N986,low,2,1.0
N987,low,2,1.0
N988,low,2,1.0
N989,low,2,1.0
N990,low,2,1.0
N991,low,1,1.0
N992,low,2,1.0
N993,low,2,1.0
N994,low,1,1.0
N995,low,1,1.0
N996,low,2,1.0
N997,low,2,1.0
N998,low,1,1.0
N999,low,1,1.0
N1000,low,2,1.0
N1001,low,2,1.0
N1002,low,2,1.0
N1003,low,2,1.0
N1004,low,2,1.0
N1005,low,1,1.0
N1006,low,2,1.0
N1007,low,2,1.0
N1008,low,2,1.0
N1009,low,2,1.0
N1010,low,2,1.0
N1011,low,1,1.0
N1012,low,1,1.0
N1013,low,1,1.0
N1014,low,1,1.0
N1015,low,1,1.0
N1016,low,2,1.0
N1017,low,1,1.0
N1018,low,2,1.0
N1019,low,2,1.0
N1020,low,2,1.0
N1021,low,2,1.0
N1022,low,1,1.0
N1023,low,1,1.0
N1024,low,1,1.0
N1025,low,1,1.0
N1026,low,1,1.0
N1027,low,1,1.0
N1028,low,2,1.0
N1029,low,2,1.0
N1030,low,1,1.0
N1031,low,1,1.0
N1032,low,1,1.0
N1033,low,1,1.0
N1034,low,1,1.0
N1035,low,1,1.0
N1036,low,1,1.0
N1037,low,1,1.0
N1038,low,2,1.0
N1039,low,1,1.0
N1040,low,1,1.0
N1041,low,1,1.0
N1042,low,2,1.0
N1043,low,1,1.0
N1044,low,2,1.0
N1045,low,2,1.0
N1046,low,1,1.0
N1047,low,1,1.0
N1048,low,1,1.0
N1049,low,1,1.0
N1050,low,1,1.0
N1051,low,1,1.0
N1052,low,1,1.0
N1053,low,1,1.0
N1054,low,1,1.0
N1055,low,1,1.0
N1056,low,1,1.0
N1057,low,1,1.0
N1058,low,1,1.0
N1059,low,1,1.0
N1060,low,1,1.0
N1061,low,1,1.0
N1062,low,1,1.0
N1063,low,1,1.0
N1064,low,2,1.0
N1065,low,2,1.0
N1066,low,1,1.0
N1067,high,1,1.0
N1068,low,1,0.6667
N1069,low,1,0.3333
N1070,low,1,1.0
N1071,low,1,1.0
N1072,low,2,1.0
N1073,low,2,1.0
N1074,low,1,1.0
N1075,low,1,1.0
N1076,low,1,1.0
N1077,low,1,1.0
N1078,low,1,1.0
N1079,low,1,1.0
N1080,low,2,1.0
N1081,low,2,1.0
N1082,low,1,1.0
N1083,low,1,1.0
N1084,low,2,1.0
N1085,low,2,1.0
N1086,low,2,1.0
N1087,low,2,1.0
N1088,low,2,1.0
N1089,low,2,1.0
N1090,low,2,1.0
N1091,low,2,1.0
N1092,low,2,1.0
N1093,low,2,1.0
N1094,low,2,1.0
N1095,low,2,1.0
N1096,low,2,0.3333
N1097,low,1,1.0
N1098,low,2,1.0
N1099,low,1,1.0
N1100,low,2,1.0
N1101,low,2,1.0
N1102,low,2,1.0
N1103,low,2,1.0
N1104,low,2,0.6667
N1105,low,2,1.0
N1106,low,2,1.0
N1107,low,2,1.0
N1108,low,2,1.0
N1109,low,1,1.0
N1110,low,1,1.0
N1111,low,1,1.0
N1112,low,1,1.0
N1113,low,1,1.0
N1114,low,1,1.0
N1115,low,2,1.0
N1116,low,2,0.6667
N1117,low,2,1.0
N1118,low,2,1.0
N1119,low,2,1.0
N1120,low,2,1.0
N1121,low,2,1.0
N1122,high,1,1.0
N1123,low,2,1.0
N1124,low,2,1.0
N1125,low,2,1.0
N1126,low,2,1.0
N1127,low,2,1.0
N1128,low,1,1.0
N1129,low,1,1.0
N1130,low,1,1.0
N1131,low,2,1.0
N1132,low,2,1.0
N1133,low,2,1.0
N1134,low,2,0.0
N1135,low,2,0.6667
N1136,low,2,1.0
N1137,low,2,0.3333
N1138,low,2,0.3333
N1139,low,2,0.3333
N1140,low,2,1.0
N1141,low,2,1.0
N1142,low,2,1.0
N1143,low,2,1.0
N1144,low,2,1.0
N1145,low,2,1.0
N1146,low,2,1.0
N1147,low,2,1.0
N1148,low,2,1.0
N1149,low,2,1.0
N1150,low,2,1.0
N1151,low,2,1.0
N1152,low,2,1.0
N1153,low,1,1.0
N1154,low,1,1.0
N1155,low,1,1.0
N1156,low,1,1.0
N1157,low,1,1.0
N1158,low,1,1.0
N1159,low,2,1.0
N1160,low,2,1.0
N1161,low,1,1.0
N1162,low,1,1.0
N1163,low,1,1.0
N1164,low,1,1.0
N1165,low,2,1.0
N1166,low,2,1.0
N1167,low,2,1.0
N1168,low,2,1.0
N1169,low,1,1.0
N1170,low,1,1.0
N1171,low,1,1.0
N1172,low,1,1.0
N1173,low,1,1.0
N1174,low,1,1.0
N1175,low,2,1.0
N1176,low,2,1.0
N1177,low,2,1.0
N1178,low,2,1.0
N1179,low,2,1.0
N1180,low,2,1.0
N1181,low,1,1.0
N1182,low,1,1.0
N1183,low,2,1.0
N1184,low,2,0.0
N1185,low,2,1.0
N1186,low,2,1.0
N1187,low,2,1.0
N1188,low,2,1.0
N1189,low,1,1.0
N1190,low,1,1.0
N1191,low,2,1.0
N1192,low,2,1.0
N1193,low,2,1.0
N1194,low,2,1.0
N1195,low,2,1.0
N1196,low,2,1.0
N1199,low,2,1.0
N1200,low,2,1.0
N1201,low,2,0.0
N1202,low,2,0.0
N1203,high,1,1.0
N1204,high,1,1.0
N1205,high,1,1.0
N1206,high,1,1.0
N1207,high,1,1.0
N1208,high,1,1.0
N1209,high,1,1.0
N1210,high,1,1.0
N1211,high,1,1.0
N1212,high,1,1.0
N1213,high,1,1.0
N1214,high,1,1.0
N1215,high,1,1.0
N1216,high,1,1.0
N1217,high,1,1.0
N1218,high,1,1.0
N1219,high,1,1.0
N1220,high,1,1.0
N1221,high,1,1.0
N1222,high,1,1.0
N1223,high,1,1.0
N1224,high,1,1.0
N1225,high,1,1.0
N1226,high,1,1.0
N1227,high,1,1.0
N1228,high,1,1.0
N1229,high,1,1.0
N1230,high,1,1.0
N1231,high,1,1.0
N1232,high,1,1.0
N1233,high,0,1.0
N1234,high,0,1.0
N1235,high,0,1.0
N1236,high,1,1.0
N1237,high,0,1.0
N1238,high,0,1.0
N1239,high,0,1.0
N1240,high,0,1.0
N1241,high,0,1.0
N1242,high,0,1.0
N1243,high,0,1.0
N1244,high,0,1.0
N1245,high,0,1.0
N1246,high,0,1.0
N1247,high,0,1.0
N1248,high,0,1.0
N1249,high,0,1.0
N1250,high,0,1.0
N1251,high,0,1.0
N1252,high,0,1.0
N1253,high,0,1.0
N1254,high,0,1.0
N1255,high,0,1.0
N1256,high,0,1.0
N1257,high,0,1.0
N1258,high,0,1.0
N1259,high,0,1.0
N1260,high,0,1.0
N1261,high,0,1.0
N1262,high,0,1.0
N1263,high,0,1.0
N1264,high,0,1.0
N1265,high,0,1.0
N1266,high,0,1.0
N1267,high,0,1.0
N1268,high,0,1.0
N1269,high,0,1.0
N1270,high,0,1.0
N1271,high,0,1.0
N1272,high,0,1.0
N1273,high,0,1.0
N1274,high,0,1.0
N1275,high,0,1.0
N1276,high,0,1.0
N1277,high,0,1.0
N1278,high,0,1.0
N1279,high,0,1.0
N1280,high,0,1.0
N1281,high,0,1.0
N1282,high,0,1.0
N1283,high,0,1.0
N1284,high,0,1.0
N1285,high,0,1.0
N1286,high,0,1.0
N1287,high,0,1.0
N1288,high,0,1.0
N1289,high,0,1.0
N1290,high,0,1.0
N1291,high,0,1.0
N1292,high,0,1.0
N1293,high,0,1.0
N1294,high,0,1.0
N1295,high,0,1.0
N1296,high,0,1.0
N1297,high,0,1.0
N1298,high,0,1.0
N1299,high,0,1.0
N1300,high,0,1.0
N1301,high,0,1.0
N1302,high,0,1.0
N1303,high,0,1.0
N1304,high,0,1.0
N1305,high,0,1.0
N1306,high,0,1.0
N1307,high,0,1.0
N1308,high,0,1.0
N1309,high,0,1.0
N1310,high,0,1.0
N1311,high,0,1.0
N1312,high,0,1.0
N1313,high,0,1.0
N1314,high,0,1.0
N1315,high,0,1.0
N1316,high,0,1.0
N1317,high,0,1.0
N1318,high,0,0.6667
N1319,high,0,0.6667
N1320,high,0,0.3333
N1321,high,0,0.0
N1322,high,0,0.0
N1323,high,0,0.0
N1324,high,0,0.0
N1325,high,0,0.0
N1326,high,0,1.0
N1327,high,0,1.0
N1328,high,0,1.0
N1329,high,0,1.0
N1330,high,0,1.0
N1331,high,0,1.0
N1332,high,0,1.0
N1333,high,0,1.0
N1334,high,0,1.0
N1335,high,0,1.0
N1336,high,0,1.0
N1337,high,0,1.0
N1338,high,0,1.0
N1339,high,0,1.0
N1340,high,0,1.0
N1341,high,0,1.0
N1342,high,0,1.0
N1343,high,0,1.0
N1344,high,0,1.0
N1345,high,0,1.0
N1346,high,0,1.0
N1347,high,0,1.0
N1348,high,0,1.0
N1349,high,0,1.0
N1350,high,0,1.0
N1351,high,0,1.0
N1352,high,0,1.0
N1353,high,0,1.0
N1354,high,0,1.0
N1355,high,0,1.0
N1356,high,0,1.0
N1357,high,0,1.0
N1358,high,0,1.0
N1359,high,0,1.0
N1360,high,0,1.0
N1361,high,0,1.0
N1362,high,0,1.0
N1363,high,0,1.0
N1364,high,0,1.0
N1365,high,0,1.0
N1366,high,0,1.0
N1367,high,0,1.0
N1368,high,0,1.0
N1369,high,0,1.0
N1370,high,0,1.0
N1371,high,0,1.0
N1372,high,0,1.0
N1373,high,0,1.0
N1374,high,0,1.0
N1375,high,0,1.0
N1376,high,0,1.0
N1377,high,0,1.0
N1378,high,0,1.0
N1379,high,0,1.0
N1380,high,0,1.0
N1381,high,0,1.0
N1382,high,0,1.0
N1383,high,0,1.0
N1384,high,0,1.0
N1385,high,0,1.0
N1386,high,0,1.0
N1387,high,0,1.0
N1388,high,0,1.0
N1389,high,0,1.0
N1390,high,0,1.0
N1391,high,0,1.0
N1392,high,0,1.0
N1393,high,0,1.0
N1394,high,0,1.0
N1395,high,0,1.0
N1396,high,0,1.0
N1397,high,0,1.0
N1398,high,0,1.0
N1399,high,0,1.0
N1400,high,0,1.0
N1401,high,0,1.0
N1402,high,0,1.0
N1403,high,0,1.0
N1404,high,0,1.0
N1405,high,0,1.0
N1406,high,0,1.0
N1407,high,0,1.0
N1408,high,0,1.0
N1409,high,0,1.0
N1410,high,0,1.0
N1411,high,0,1.0
N1412,high,0,1.0
N1413,high,0,1.0
N1414,high,0,1.0
N1415,high,0,1.0
N1416,high,0,1.0
N1417,high,0,1.0
N1418,high,0,1.0
N1419,high,0,1.0
N1420,high,0,1.0
N1421,high,0,1.0
N1422,high,0,1.0
N1423,high,0,1.0
N1424,high,0,1.0
N1425,high,0,1.0
N1426,high,0,1.0
N1427,high,1,1.0
N1428,high,1,1.0
N1429,high,1,1.0
N1430,high,1,1.0
N1431,high,1,1.0
N1432,high,1,1.0
N1433,high,0,1.0
N1434,high,0,1.0
N1435,high,0,1.0
N1436,high,0,1.0
N1437,high,0,0.6667
N1438,high,0,0.6667
N1439,high,1,1.0
N1440,high,1,1.0
N1441,high,1,1.0
N1442,high,1,1.0
N1443,high,0,1.0
N1444,high,0,1.0
N1445,high,1,1.0
N1446,high,1,1.0
N1447,high,1,1.0
N1448,high,1,1.0
N1449,high,1,1.0
N1450,high,1,1.0
N1451,low,1,1.0
N1452,low,1,1.0
N1455,low,1,1.0
N1456,low,1,1.0
N1457,high,0,1.0
N1458,high,0,1.0
N1459,high,0,1.0
N1460,high,0,1.0
N1461,low,1,1.0
N1462,low,1,1.0
N1463,low,1,1.0
N1464,high,1,0.0
N1465,high,1,0.0
N1466,high,1,0.0
N1467,high,1,0.0
N1468,high,1,0.0
N1472,high,1,1.0
N1473,low,1,1.0
N1474,low,2,1.0
N1475,low,2,1.0
N1476,low,2,0.0
N1477,low,2,0.0
N1478,low,2,1.0
N1479,low,2,0.3333
N1480,low,2,1.0
N1481,low,2,1.0
N1482,low,2,0.0
N1483,low,2,1.0
N1484,low,2,0.0
N1485,low,2,0.0
N1486,low,2,1.0
N1487,high,1,1.0
N1488,low,1,1.0
N1489,high,1,1.0
N1490,high,1,1.0
N1491,high,1,0.6667
N1492,high,1,0.6667
N1493,high,0,1.0
N1494,high,1,1.0
N1495,high,0,1.0
N1496,high,0,1.0
N1497,high,0,1.0
N1498,high,0,1.0
N1499,low,1,1.0
N1500,high,0,1.0
N1501,high,0,1.0
N1502,high,0,1.0
N1503,high,0,1.0
N1504,high,0,1.0
N1505,high,0,1.0
N1506,high,0,1.0
N1507,high,0,1.0
N1508,high,0,1.0
N1509,high,0,1.0
N1510,high,0,1.0
N1511,high,0,1.0
N1512,high,0,1.0
N1513,high,0,1.0
N1514,high,0,0.6667
N1515,high,0,1.0
N1516,high,0,0.6667
N1517,high,0,1.0
N1518,high,0,0.6667
N1519,high,0,1.0
N1520,high,0,1.0
N1521,high,0,1.0
N1522,high,0,1.0
N1523,high,0,1.0
N1524,high,0,1.0
N1525,high,0,1.0
N1526,high,0,1.0
N1527,high,0,1.0
N1528,high,0,1.0
N1529,high,0,1.0
N1530,high,0,1.0
N1531,high,0,1.0
N1532,high,0,1.0
N1533,high,0,1.0
N1534,high,0,1.0
N1535,high,0,1.0
N1536,high,0,1.0
N1537,high,0,1.0
N1538,high,0,1.0
N1541,high,1,1.0
N1542,high,1,1.0
N1543,high,1,1.0
N1544,high,1,1.0
N1547,high,0,1.0
N1548,high,0,1.0
N1549,high,0,1.0
N1550,high,0,1.0
N1552,high,0,1.0
N1553,high,0,1.0
N1554,high,0,1.0
N1555,high,0,1.0
N1556,low,1,1.0
N1558,low,1,0.6667
N1559,high,0,1.0
N1560,high,0,1.0
N1561,high,0,1.0
N1562,high,0,1.0
N1563,high,0,1.0
N1564,high,0,1.0
N1565,high,0,1.0
N1566,high,0,1.0
N1567,high,0,1.0
N1568,high,0,1.0
N1569,high,0,1.0
N1570,high,0,1.0
N1571,high,0,0.6667
N1572,high,1,0.6667
N1573,high,0,1.0
N1574,high,0,1.0
N1575,high,1,1.0
N1576,high,0,1.0
N1578,low,1,1.0
N1579,high,0,1.0
N1580,high,0,1.0
N1581,high,0,1.0
N1582,high,0,1.0
N1583,high,0,1.0
N1587,high,1,1.0
N1591,high,1,1.0
N1592,high,1,1.0
N1593,high,1,1.0
N1596,high,1,1.0
N1597,high,1,1.0
N1598,high,1,1.0
N1599,high,1,1.0
N1600,low,1,1.0
N1601,low,1,1.0
N1602,low,1,1.0
N1603,low,1,1.0
N1604,low,1,1.0
N1605,low,1,1.0
N1606,low,1,1.0
N1607,low,1,1.0
N1608,low,1,1.0
N1609,low,1,1.0
N1610,low,1,1.0
N1611,low,1,1.0
N1612,low,1,1.0
N1613,low,1,0.6667
N1614,low,1,1.0
N1615,low,1,1.0
N1616,low,1,1.0
N1617,low,1,1.0
N1618,low,1,1.0
N1619,low,2,1.0
N1620,low,1,1.0
N1621,low,1,1.0
N1622,low,1,1.0
N1623,low,1,1.0
N1625,high,0,1.0
N1626,high,0,1.0
N1627,high,0,1.0
N1628,high,0,1.0
N1629,high,0,1.0
N1630,high,0,1.0
N1631,high,0,1.0
N1632,high,0,1.0
N1633,high,0,0.6667
N1634,high,0,1.0
N1635,high,0,1.0
N1636,high,0,1.0
N1637,high,0,1.0
N1638,high,0,1.0
N1639,high,0,1.0
N1640,high,0,1.0
N1641,high,0,1.0
N1642,high,0,1.0
N1643,low,1,1.0
N1644,low,1,1.0
N1645,low,1,1.0
N1646,low,1,1.0
N1647,low,1,1.0
N1648,low,1,1.0
N1649,low,1,1.0
N1650,low,1,1.0
N1651,low,1,1.0
N1652,low,1,1.0
N1653,low,1,1.0
N1654,low,1,1.0
N1655,low,1,1.0
N1656,low,1,1.0
N1657,low,1,1.0
N1658,high,1,1.0
N1659,high,1,1.0
N1660,high,1,1.0
N1661,high,1,1.0
N1662,high,1,1.0
N1663,high,1,1.0
N1664,high,1,1.0
N1665,high,1,1.0
N1666,high,1,1.0
N1667,high,1,1.0
N1668,high,1,1.0
N1669,high,1,1.0
N1670,high,1,1.0
N1671,high,1,1.0
N1672,high,1,1.0
N1673,high,1,1.0
N1674,high,1,1.0
N1675,high,1,1.0
N1676,high,1,1.0
N1677,high,1,1.0
N1678,high,1,1.0
N1679,high,1,1.0
N1680,high,1,1.0
N1681,high,1,1.0
N1682,low,1,0.3333
N1683,low,2,1.0
N1684,low,2,1.0
N1685,low,1,0.6667
N1686,low,1,1.0
N1687,low,2,1.0
N1688,low,2,1.0
N1689,low,2,1.0
N1690,high,1,0.0
N1691,low,2,1.0
N1692,low,2,1.0
N1693,low,2,1.0
N1694,low,2,1.0
N1695,low,2,1.0
N1696,low,1,1.0
N1697,low,2,1.0
N1698,low,2,1.0
N1699,low,2,1.0
N1700,low,2,1.0
N1701,low,2,1.0
N1702,low,2,1.0
N1703,low,1,1.0
N1704,low,1,1.0
N1705,low,1,1.0
N1706,low,1,1.0
N1707,low,2,1.0
N1708,low,1,1.0
N1709,low,1,1.0
N1710,low,1,1.0
N1711,low,2,1.0
N1712,low,2,0.6667
N1713,low,1,1.0
N1714,low,1,1.0
N1715,low,2,1.0
N1716,low,2,1.0
N1717,low,2,1.0
N1718,low,2,1.0
N1719,low,1,1.0
N1720,low,2,1.0
N1721,low,2,1.0
N1722,low,2,1.0
N1723,low,2,1.0
N1724,low,2,0.6667
N1725,low,1,1.0
N1726,low,2,1.0
N1727,low,2,1.0
N1728,low,2,1.0
N1729,low,2,1.0
N1730,low,2,1.0
N1731,high,1,0.0
N1732,low,2,1.0
N1733,low,2,1.0
N1734,low,1,1.0
N1735,low,2,1.0
N1736,low,2,1.0
N1737,low,1,1.0
N1738,low,1,1.0
N1739,low,1,1.0
N1740,low,2,1.0
N1741,low,1,0.6667
N1742,low,2,1.0
N1743,low,2,1.0
N1744,high,1,0.0
N1745,low,2,1.0
N1746,low,1,1.0
N1747,low,1,1.0
N1748,low,1,1.0
N1749,low,1,1.0
N1750,low,1,1.0
N1751,low,1,1.0
N1752,low,2,1.0
N1753,low,2,1.0
N1754,low,1,1.0
N1755,low,1,1.0
N1756,low,1,1.0
N1757,low,1,0.6667
N1758,low,1,1.0
N1759,low,1,0.6667
N1760,low,1,1.0
N1761,low,1,1.0
N1762,low,1,1.0
N1763,low,2,1.0
N1764,high,1,1.0
N1765,low,1,0.6667
N1766,high,1,1.0
N1767,low,2,1.0
N1768,low,1,1.0
N1769,low,1,1.0
N1770,low,1,1.0
N1771,low,2,1.0
N1772,low,1,1.0
N1773,low,2,1.0
N1774,low,2,1.0
N1775,low,2,1.0
N1776,low,2,1.0
N1777,low,2,1.0
N1778,low,2,0.3333
N1779,low,2,1.0
N1780,low,2,1.0
N1781,low,1,1.0
N1782,low,1,1.0
N1783,low,2,1.0
N1784,low,2,1.0
N1785,low,2,1.0
N1786,high,1,1.0
N1787,low,2,1.0
N1788,low,2,1.0
N1789,low,1,1.0
N1790,low,2,1.0
N1791,low,2,0.0
N1792,low,2,0.3333
N1793,low,2,0.0
N1794,low,2,0.6667
N1795,low,2,1.0
N1796,low,2,1.0
N1797,low,2,1.0
N1798,low,2,1.0
N1799,low,2,1.0
N1800,low,2,1.0
N1801,low,1,1.0
N1802,low,1,1.0
N1803,low,1,1.0
N1804,low,2,1.0
N1805,low,1,0.6667
N1806,low,1,1.0
N1807,low,2,1.0
N1808,low,1,1.0
N1809,low,1,1.0
N1810,high,1,1.0
N1811,low,2,1.0
N1812,low,2,1.0
N1813,low,2,1.0
N1814,low,1,1.0
N1815,low,2,0.0
N1816,low,2,1.0
N1817,low,2,1.0
N1818,high,1,1.0
N1819,low,2,1.0
N1820,low,2,1.0
N1821,low,2,1.0
N1823,low,2,1.0
N1824,low,2,0.0
N1825,high,1,1.0
N1826,high,1,1.0
N1827,high,1,1.0
N1828,high,1,1.0
N1829,high,1,1.0
N1830,high,1,1.0
N1831,high,1,1.0
N1832,high,1,1.0
N1833,high,1,1.0
N1834,high,1,1.0
N1835,high,1,1.0
N1836,high,1,1.0
N1837,high,1,1.0
N1838,high,1,1.0
N1839,high,0,1.0
N1840,high,0,1.0
N1841,high,1,1.0
N1842,high,0,1.0
N1843,high,0,1.0
N1844,high,0,1.0
N1845,high,0,1.0
N1846,high,0,1.0
N1847,high,0,1.0
N1848,high,0,1.0
N1849,high,0,1.0
N1850,high,0,1.0
N1851,high,0,1.0
N1852,high,0,1.0
N1853,high,0,1.0
N1854,high,0,1.0
N1855,high,0,1.0
N1856,high,0,1.0
N1857,high,0,1.0
N1858,high,0,1.0
N1859,high,0,1.0
N1860,high,0,1.0
N1861,high,0,1.0
N1862,high,0,1.0
N1863,high,0,1.0
N1864,high,0,1.0
N1865,high,0,1.0
N1866,high,0,1.0
N1867,high,0,1.0
N1868,high,0,1.0
N1869,high,0,1.0
N1870,high,0,1.0
N1871,high,0,1.0
N1872,high,0,1.0
N1873,high,0,1.0
N1874,high,0,1.0
N1875,high,0,1.0
N1876,high,0,1.0
N1877,high,0,1.0
N1878,high,0,1.0
N1879,high,0,1.0
N1880,high,0,1.0
N1881,high,0,1.0
N1882,high,0,0.3333
N1883,high,0,0.6667
N1884,high,0,0.3333
N1885,high,0,0.0
N1886,high,0,1.0
N1887,high,0,1.0
N1888,high,0,1.0
N1889,high,0,1.0
N1890,high,0,1.0
N1891,high,0,1.0
N1892,high,0,1.0
N1893,high,0,1.0
N1894,high,0,1.0
N1895,high,0,1.0
N1896,high,0,1.0
N1897,high,0,1.0
N1898,high,0,1.0
N1899,high,0,1.0
N1900,high,0,1.0
N1901,high,0,1.0
N1902,high,0,1.0
N1903,high,0,1.0
N1904,high,0,1.0
N1905,high,0,1.0
N1906,high,0,1.0
N1907,high,0,1.0
N1908,high,0,1.0
N1909,high,0,1.0
N1910,high,0,1.0
N1911,high,0,1.0
N1912,high,0,1.0
N1913,high,0,1.0
N1914,high,0,1.0
N1915,high,0,1.0
N1916,high,0,1.0
N1917,high,0,1.0
N1918,high,0,1.0
N1919,high,0,1.0
N1920,high,0,1.0
N1921,high,0,1.0
N1922,high,0,1.0
N1923,high,0,1.0
N1924,high,0,1.0
N1925,high,0,1.0
N1926,high,0,1.0
N1927,high,0,1.0
N1928,high,0,1.0
N1929,high,0,1.0
N1930,high,0,1.0
N1931,high,0,1.0
N1932,high,0,1.0
N1933,high,0,1.0
N1934,high,0,1.0
N1935,high,0,1.0
N1936,high,1,1.0
N1937,high,1,1.0
N1938,high,1,1.0
N1939,high,0,1.0
N1940,high,0,1.0
N1941,high,0,1.0
N1942,high,1,1.0
N1943,high,1,1.0
N1944,high,1,1.0
N1945,high,1,1.0
N1946,high,1,1.0
N1947,low,1,1.0
N1949,low,1,1.0
N1950,high,0,1.0
N1951,high,0,1.0
CS_3,low,0,0.0
CS_51,low,0,0.0
CS_38,low,0,0.0
CS_32,low,0,0.0
CS_40,low,0,0.0
CS_49,low,0,0.0
CS_36,low,0,0.0
CS_60,low,0,0.0
CS_57,low,0,0.0
CS_41,low,0,0.0
CS_61,low,0,0.0
CS_2,low,0,0.0
CS_58,low,0,0.0
CS_43,low,0,0.0
CS_23,low,0,0.0
CS_127,low,0,0.0
CS_45,low,0,0.0
CS_37,low,0,0.0
CS_70,low,0,0.0
CS_50,low,0,0.0
CS_68,low,0,0.0
CS_35,low,0,0.0
CS_29,low,0,0.0
CS_69,low,0,0.0
CS_21,low,0,0.0
,low,0,0.0
CS_8,low,0,0.0
CS_1,low,0,0.0
CS_15,low,0,0.0
CS_24,low,0,0.0
CS_20,low,0,0.0
CS_17,low,0,0.0
CS_31,low,0,0.0
CS_157,low,0,0.0
CS_10,low,0,0.0
CS_33,low,0,0.0
CS_11,low,0,0.0
CS_13,low,0,0.0
CS_19,low,0,0.0
CS_26,low,0,0.0
CS_48,low,0,0.0
CS_25,low,0,0.0
CS_16,low,0,0.0
CS_6,low,0,0.0
CS_52,low,0,0.0
CS_92,low,0,0.0
CS_98,low,0,0.0
CS_95,low,0,0.0
CS_89,low,0,0.0
CS_145,low,0,0.0
CS_78,low,0,0.0
CS_81,low,0,0.0
CS_80,low,0,0.0
CS_82,low,0,0.0
CS_116,low,0,0.0
CS_141,low,0,0.0
CS_85,low,0,0.0
CS_111,low,0,0.0
CS_149,low,0,0.0
CS_140,low,0,0.0
CS_124,low,0,0.0
CS_133,low,0,0.0
CS_121,low,0,0.0
CS_123,low,0,0.0
CS_126,low,0,0.0
CS_161,low,0,0.0
CS_156,low,0,0.0
CS_86,low,0,0.0
CS_122,low,0,0.0
CS_134,low,0,0.0
CS_135,low,0,0.0
CS_100,low,0,0.0
CS_103,low,0,0.0
CS_99,low,0,0.0
CS_107,low,0,0.0
CS_109,low,0,0.0
CS_148,low,0,0.0
CS_90,low,0,0.0
CS_162,low,0,0.0
CS_158,low,0,0.0
CS_105,low,0,0.0
CS_101,low,0,0.0
CS_147,low,0,0.0
CS_136,low,0,0.0
CS_138,low,0,0.0
CS_94,low,0,0.0
CS_91,low,0,0.0
CS_88,low,0,0.0
CS_93,low,0,0.0
CS_87,low,0,0.0
CS_97,low,0,0.0
CS_96,low,0,0.0
CS_84,low,0,0.0
CS_83,low,0,0.0
CS_79,low,0,0.0
CS_77,low,0,0.0
CS_76,low,0,0.0
CS_75,low,0,0.0
CS_74,low,0,0.0
CS_73,low,0,0.0
CS_72,low,0,0.0
CS_71,low,0,0.0
CS_67,low,0,0.0
CS_66,low,0,0.0
CS_65,low,0,0.0
CS_64,low,0,0.0
CS_63,low,0,0.0
CS_62,low,0,0.0
CS_59,low,0,0.0
CS_56,low,0,0.0
CS_55,low,0,0.0
CS_54,low,0,0.0
CS_53,low,0,0.0
CS_47,low,0,0.0
CS_46,low,0,0.0
CS_44,low,0,0.0
CS_42,low,0,0.0
CS_4,low,0,0.0
CS_39,low,0,0.0
CS_34,low,0,0.0
CS_30,low,0,0.0
CS_28,low,0,0.0
CS_27,low,0,0.0
CS_22,low,0,0.0
CS_155,low,0,0.0
CS_154,low,0,0.0
CS_153,low,0,0.0
CS_152,low,0,0.0
CS_151,low,0,0.0
CS_150,low,0,0.0
CS_146,low,0,0.0
CS_144,low,0,0.0
CS_143,low,0,0.0
CS_142,low,0,0.0
CS_14,low,0,0.0
CS_139,low,0,0.0
CS_137,low,0,0.0
CS_132,low,0,0.0
CS_131,low,0,0.0
CS_130,low,0,0.0
CS_129,low,0,0.0
CS_128,low,0,0.0
CS_125,low,0,0.0
CS_120,low,0,0.0
CS_12,low,0,0.0
CS_119,low,0,0.0
CS_118,low,0,0.0
CS_117,low,0,0.0
CS_115,low,0,0.0
CS_114,low,0,0.0
CS_113,low,0,0.0
CS_112,low,0,0.0
CS_110,low,0,0.0
CS_108,low,0,0.0
CS_106,low,0,0.0
CS_104,low,0,0.0
CS_102,low,0,0.0
