from_id,to_id,distance_km,edge_type
N1,N19,1.4158355484170733,real
N2,N12,0.1419208299763692,real
N3,N1461,2.0932118767498125,real
N4,N1462,0.8105530233265446,real
N4,N1463,1.003388927118216,real
N5,N4,0.1397292405945927,real
N6,N5,0.0456701975922244,real
N7,N4,1.4842225983352495,real
N8,N6,0.736818941324956,real
N9,N8,1.2044280800653282,real
N9,N7,0.4241165508583712,real
N10,N3,1.3399375491078531,real
N11,N9,0.0959170165059806,real
N12,N10,0.0111194926642146,real
N2,N11,0.2146648678942612,real
N13,N12,0.3448601286451122,real
N14,N6,0.6771776074328703,real
N15,N13,0.1779118826313253,real
N15,N16,0.858774461382859,real
N11,N17,1.7590203192118838,real
N16,N1464,0.9256726199862614,real
N17,N1465,1.1302239508902143,real
N18,N15,4.593366619257464,real
N19,N14,7.460119023908062,real
N19,N1466,3.8737601358903944,real
N20,N1467,1.4831431818412908,real
N1,N20,1.702035132722483,real
N21,N1,1.2838896934929864,real
N21,N22,0.9583566832069568,real
N22,N23,0.97026024477648,real
N23,N24,0.4398674936649804,real
N24,N1468,0.600662696043843,real
N39,N40,0.1947338212850958,real
N40,N1472,0.2079883291826142,real
N41,N42,0.1327852184327094,real
N42,N1473,0.2296158064128425,real
N43,N44,0.3737657973261467,real
N44,N1474,0.3999578429151218,real
N45,N52,0.7183633429766086,real
N46,N1475,0.8581030161224783,real
N47,N46,1.4051992285630004,real
N48,N47,0.2728962528657416,real
N49,N50,0.1421904640002579,real
N50,N1476,2.146828754091746,real
N51,N1477,0.996393914819642,real
N52,N51,0.4162094736067547,real
N53,N54,0.2901697791636037,real
N54,N55,0.6820622806415136,real
N55,N56,0.2199380386140036,real
N56,N57,0.82182281111894,real
N57,N58,1.2633136064539157,real
N58,N1478,0.0303941465394095,real
N59,N49,1.8099430142242203,real
N48,N60,0.257629656804162,real
N60,N667,1.4836933618280626,real
N58,N48,0.4271715157583341,real
N43,N58,0.5018821305876543,real
N61,N43,1.3415882939360084,real
N49,N61,0.0245329139995975,real
N62,N63,0.3022803864556375,real
N63,N45,3.5912920325655397,real
N64,N65,1.2438579281276567,real
N65,N1479,0.3556682335173864,real
N54,N66,0.3232045883763932,real
N66,N1480,1.5393568998516851,real
N52,N74,0.4809352603925501,real
N55,N67,0.2937086152963269,real
N67,N1481,0.9012147037376822,real
N59,N1482,0.257959095549521,real
N56,N68,0.4406944113508613,real
N68,N1483,1.7118117468630394,real
N57,N69,0.3383305995419645,real
N69,N46,0.6466305250785971,real
N61,N70,0.5564681668474148,real
N70,N1481,2.6543430627193145,real
N51,N71,0.6063710489087928,real
N71,N1484,0.9939812359904192,real
N72,N73,0.6559172634506808,real
N73,N76,2.572300116795592,real
N74,N75,0.948901764667696,real
N75,N1485,0.6057994166132816,real
N76,N77,0.3893200871484178,real
N77,N1486,2.1106342502629847,real
N78,N1487,0.6009722431715356,real
N79,N78,0.7154492166884737,real
N80,N81,0.6701905499981696,real
N81,N82,0.3872971486247209,real
N82,N1488,4.733010501960942,real
N83,N85,0.2667411659439954,real
N84,N1489,0.9982399663927484,real
N85,N86,0.1593162853058095,real
N86,N87,0.344017654886902,real
N87,N88,0.6372730751785347,real
N88,N91,0.3239632501695195,real
N89,N366,0.2917175785197623,real
N89,N88,0.6635045240568274,real
N90,N89,0.5171649967570959,real
N91,N98,0.8117892400596929,real
N90,N92,0.2936220165586004,real
N90,N95,0.2563700406788615,real
N92,N98,0.3852578334684222,real
N92,N93,0.100611619799526,real
N93,N94,0.1826864960028889,real
N94,N1490,0.7097820275825855,real
N95,N389,0.6255048829322719,real
N95,N96,1.0469225679937488,real
N96,N97,0.6634412226448638,real
N97,N1491,1.539494459501345,real
N98,N102,3.14481408107805,real
N99,N1492,1.9550789341501569,real
N100,N1493,1.8216148236674825,real
N101,N100,0.3866662316949385,real
N102,N110,3.1197146081369103,real
N103,N1494,1.4339873867645432,real
N104,N106,0.9266461922550412,real
N105,N106,0.1064651079064903,real
N106,N107,0.0152093201602173,real
N107,N108,0.0456724264541043,real
N108,N109,0.6222131920132904,real
N109,N1495,0.4152323636695607,real
N110,N338,2.7785806832783413,real
N108,N291,0.6351688348416497,real
N111,N291,0.4735635442857173,real
N112,N1496,1.00818725698705,real
N113,N1497,0.6114815565721167,real
N114,N113,0.0593456062996282,real
N115,N1498,1.4429479069822748,real
N116,N113,0.4138130943982697,real
N117,N111,1.0682781410606383,real
N118,N115,0.4292133333429027,real
N113,N118,0.2269987781694809,real
N119,N117,0.0456727305297371,real
N118,N293,0.1819271538863428,real
N120,N1499,0.9061782406510378,real
N121,N122,0.8609813506221272,real
N122,N127,0.0565578636017355,real
N123,N1500,1.0441379523723744,real
N124,N1501,0.7455619816962671,real
N125,N1502,1.046826172949354,real
N126,N125,0.2790771291537299,real
N127,N133,1.47005699918557,real
N128,N124,3.868576367303613,real
N129,N128,0.2601225868854378,real
N130,N1503,0.4291766371111237,real
N131,N132,0.1227540263368258,real
N132,N130,0.7162740014474438,real
N133,N135,0.8362532292349795,real
N134,N135,0.5508229122029388,real
N132,N136,0.7005701752545,real
N135,N136,0.4801495253412655,real
N135,N300,0.1460364989552934,real
N136,N137,0.6083583722415359,real
N137,N296,0.0349362079341589,real
N138,N296,0.0152116395162593,real
N139,N138,0.3684224572926785,real
N140,N139,0.0608470993000224,real
N141,N140,0.1842123433948657,real
N140,N144,0.4825455433490818,real
N142,N302,0.2980988391838706,real
N143,N141,0.3107241592565945,real
N144,N1504,1.0892801760899415,real
N141,N145,0.3816437379547699,real
N145,N148,0.2433921187474287,real
N146,N143,0.2845428456453389,real
N147,N304,0.2478375583560035,real
N148,N149,0.4253162734281015,real
N149,N151,0.1127355349037738,real
N150,N151,0.4776640711238557,real
N151,N1505,0.7610439442741719,real
N152,N1506,0.4054789422930735,real
N153,N152,0.1265445959920996,real
N154,N1507,0.8536374879085664,real
N151,N156,0.5934909620154859,real
N155,N153,0.4616546219446203,real
N156,N161,0.0444779706582734,real
N157,N161,0.2597768170503818,real
N158,N157,0.1470334014981315,real
N155,N160,0.2049355345395551,real
N159,N158,0.1984213085575625,real
N160,N159,0.6445229075107357,real
N161,N162,0.5152755660601339,real
N162,N163,0.8522100205899812,real
N163,N164,0.3071844740682254,real
N164,N309,0.7593621632811236,real
N165,N1508,1.115727863476215,real
N166,N167,1.1525504646844238,real
N167,N314,0.593477428065784,real
N168,N1509,1.1118052237890754,real
N169,N315,0.8671456752855905,real
N170,N1510,1.52623732284392,real
N171,N311,6.918380942910358,real
N172,N170,0.4682498564468505,real
N173,N171,0.5338367657166048,real
N174,N173,0.1044942814661486,real
N175,N176,0.8008730984303064,real
N176,N172,1.1465327807332777,real
N177,N178,0.1720899963609106,real
N177,N187,0.3650030967822545,real
N176,N187,0.2957705865073791,real
N178,N188,0.7638839460468908,real
N179,N188,0.3445002952460935,real
N180,N179,0.1654752161278742,real
N181,N186,0.030437058116831,real
N182,N174,0.5840971695342708,real
N180,N182,0.1091275942611685,real
N183,N182,0.1677275661804251,real
N184,N183,0.0519521271115407,real
N185,N184,0.2181989338699178,real
N186,N319,0.0736396766210917,real
N187,N1511,0.4098579233373574,real
N188,N191,0.3047028986240488,real
N187,N193,0.4406065839938894,real
N183,N194,0.2282469460640292,real
N180,N194,0.2209191088550739,real
N189,N1512,0.3846107316130842,real
N190,N185,0.1779118826313253,real
N191,N192,0.2050763923633546,real
N192,N205,0.1721650265156095,real
N193,N205,0.4321830601792845,real
N190,N196,0.3063333561997503,real
N194,N196,0.2891543383013693,real
N195,N190,0.245509934537274,real
N196,N195,0.2381316449264137,real
N196,N199,0.2051756525717367,real
N197,N195,0.1449263748385522,real
N197,N322,0.1649860332141681,real
N198,N197,0.0981868673660417,real
N199,N203,0.7392148790999851,real
N200,N198,0.4254558728729516,real
N201,N324,0.0330972300527914,real
N200,N209,0.2304894009366674,real
N202,N201,0.2860172320730819,real
N203,N202,0.2848930432565244,real
N204,N202,0.0860528487663015,real
N205,N204,1.0443251496261508,real
N206,N324,0.2618958618751984,real
N206,N207,0.2552142603615057,real
N207,N328,0.1671157820760093,real
N208,N210,0.0111194926642146,real
N209,N326,0.9994065743860702,real
N210,N212,0.121755176070801,real
N211,N208,0.2602059933766326,real
N212,N1513,0.2050888102570391,real
N213,N1514,1.2051505089221264,real
N214,N213,0.0860577593925083,real
N211,N215,0.6191067751498402,real
N215,N216,0.1721170129647221,real
N216,N218,0.0805635418485244,real
N213,N219,0.5049000703444996,real
N217,N219,0.2911840478245519,real
N218,N330,0.4436314597468038,real
N219,N1515,1.1730572963258656,real
N220,N222,0.2090405532049344,real
N219,N220,0.967281225707112,real
N221,N1516,0.967314809052117,real
N222,N221,0.2966057423925764,real
N223,N336,0.0103928011507391,real
N220,N336,0.1338380301691516,real
N224,N227,0.2105161699042464,real
N225,N227,1.482380894639921,real
N226,N228,0.0152202713516496,real
N227,N1517,0.2358264699251698,real
N221,N232,0.676422211464756,real
N228,N231,0.1611281628134176,real
N229,N226,0.7541452248334614,real
N230,N229,0.0111194926645683,real
N231,N234,0.0111194926645683,real
N229,N239,0.6148001090424077,real
N232,N1518,0.4061113511630723,real
N229,N233,0.2167335765683705,real
N233,N236,0.1062844902022712,real
N234,N241,0.2686830713677963,real
N227,N1519,0.8196059602001157,real
N235,N231,0.3781246512619808,real
N236,N1520,0.3391487812101804,real
N237,N235,0.0637436991870434,real
N233,N238,0.2455103811145554,real
N238,N242,0.0111194926645683,real
N239,N246,0.6681805187432663,real
N238,N246,0.3314624909552521,real
N240,N250,0.4055229167245372,real
N241,N351,0.3191211498987606,real
N242,N244,0.1721786640064011,real
N243,N237,0.275134380646751,real
N244,N245,0.1822006699126422,real
N245,N249,0.1621225109430752,real
N246,N249,0.1863684313203385,real
N246,N251,0.5149477941325936,real
N237,N252,0.4836416845352412,real
N247,N248,0.2912330959011345,real
N248,N258,0.1780852637866802,real
N249,N258,0.2310524822631039,real
N250,N1521,0.5315994252037425,real
N251,N1522,0.4994802923524706,real
N252,N349,0.2082683263909412,real
N247,N349,0.1780406555731066,real
N252,N256,0.2776912670616666,real
N253,N254,0.1459365388370823,real
N254,N1523,0.8972420712258582,real
N255,N253,0.2289323923473949,real
N256,N255,0.0245479559831995,real
N257,N1524,0.5207614898478816,real
N249,N1525,0.9525395237816372,real
N258,N1526,0.5824422923791747,real
N259,N260,0.3771998435591266,real
N260,N261,0.1666754011020286,real
N261,N262,0.3290493203549525,real
N262,N354,0.1130572025740771,real
N263,N1527,0.9163720942470912,real
N258,N265,1.3973915588535577,real
N264,N267,0.4436214073870609,real
N265,N267,0.4710791608115744,real
N266,N1528,1.111677767646785,real
N267,N268,0.0235759811254596,real
N268,N356,0.0760843884795947,real
N269,N270,0.4491308840669764,real
N255,N270,1.380317127608092,real
N270,N356,0.1351289191131279,real
N271,N1529,0.558174897715469,real
N272,N271,0.5988764170116235,real
N273,N272,3.901184284865565,real
N274,N1530,0.4767836835478221,real
N275,N1531,0.7135438297896353,real
N276,N274,0.4619611988203581,real
N277,N276,0.0235814580354565,real
N278,N275,0.2135606491611229,real
N278,N277,0.0861026070259869,real
N276,N280,0.0543257435140544,real
N279,N278,0.721558340199384,real
N280,N282,0.1601280572006731,real
N281,N1532,0.8598305227962846,real
N282,N1533,0.5559112175531422,real
N280,N359,0.4195389538200096,real
N283,N284,0.6677512063945156,real
N284,N1534,0.3446063126460071,real
N284,N1535,0.3722095245385599,real
N285,N286,0.2593589705091567,real
N286,N82,0.2667415589844361,real
N88,N287,0.3630352586877496,real
N287,N285,0.2128864278405863,real
N286,N79,0.9976915297162644,real
N287,N84,0.4475757159642421,real
N96,N288,0.5515698466053122,real
N288,N101,1.216236795361522,real
N288,N99,0.3620789165189243,real
N101,N289,0.534090348307204,real
N289,N290,0.7093455180727966,real
N290,N105,2.332239726829954,real
N290,N103,0.7136943855972134,real
N291,N292,1.4019893705277284,real
N292,N114,0.1640934511950876,real
N292,N112,0.5172558934325256,real
N293,N294,1.2286877767224875,real
N294,N126,0.257636873567253,real
N294,N123,0.8486658974640532,real
N126,N295,0.0667169559870564,real
N295,N131,0.2122877571859728,real
N296,N297,0.4880009969746735,real
N297,N298,0.0564653427554647,real
N298,N299,0.3732020514092499,real
N299,N307,0.8462290062207937,real
N300,N299,0.3046793085846509,real
N153,N301,0.1587576086439333,real
N301,N146,0.3904263233662116,real
N301,N150,0.5926668378779653,real
N302,N303,0.3831591163880088,real
N303,N301,0.3794329676608692,real
N304,N303,0.165342692071981,real
N161,N154,0.6895873431009493,real
N305,N1536,0.0706511130552248,real
N305,N142,0.9634483411146688,real
N306,N305,0.2504580765747796,real
N307,N308,0.8870603705634659,real
N308,N340,0.6310081421142525,real
N308,N134,1.2633659795357657,real
N309,N310,0.2932721141917543,real
N310,N155,1.466094393695814,real
N311,N312,4.094733070806898,real
N312,N309,1.6267629366010865,real
N312,N165,0.6635552389677997,real
N313,N166,1.2777862411359988,real
N314,N1537,0.1369573498720485,real
N315,N316,0.1629331115269546,real
N316,N1537,0.2697534545119583,real
N172,N317,0.0694137778020196,real
N317,N169,0.6504544771802557,real
N176,N318,0.2328702098621806,real
N318,N177,0.2251650220853351,real
N318,N168,1.2343889636804677,real
N319,N320,0.1338378542911183,real
N320,N322,0.6251819458860083,real
N320,N189,0.3532782241465402,real
N185,N321,0.2455098900767246,real
N321,N173,0.2892934549597882,real
N321,N181,0.5277707482045622,real
N322,N323,0.491019993072903,real
N323,N326,0.9198958992971116,real
N323,N213,1.2647866197357007,real
N324,N325,0.1753077580003212,real
N325,N200,0.1598856530824485,real
N325,N208,0.8917829979000644,real
N326,N327,0.4197365590849373,real
N327,N214,0.4521491364845286,real
N328,N329,0.3472014122334294,real
N329,N216,0.2787631800446653,real
N330,N331,0.0889559413158395,real
N331,N345,0.0675214986273838,real
N331,N211,1.0653299816861337,real
N327,N332,0.4762920293605716,real
N332,N334,0.4115524614634127,real
N332,N217,0.4477983914816183,real
N333,N230,0.1397599387060797,real
N334,N335,0.4785897526320952,real
N335,N333,0.2797303247646686,real
N335,N220,0.8594294173071503,real
N336,N337,0.0895609869579559,real
N337,N226,0.1570544517786214,real
N337,N221,0.5136315905720338,real
N338,N341,2.5029657416464444,real
N128,N339,1.79921784657894,real
N339,N313,11.812576608868495,real
N340,N339,2.1915102679594027,real
N341,N120,0.6086369843710648,real
N341,N129,2.5073488341168284,real
N342,N343,0.615014704030435,real
N343,N344,0.6999160240911454,real
N344,N204,0.979480495323134,real
N345,N346,0.4219190948523704,real
N346,N347,0.166757757312736,real
N347,N239,0.5424923101191977,real
N343,N225,0.428647493554925,real
N347,N224,0.5689550217193675,real
N239,N240,0.3874173302978424,real
N244,N348,0.2234026778576393,real
N348,N247,0.1453080749321512,real
N348,N243,0.18718040033865,real
N349,N350,0.0981918005728249,real
N350,N264,0.9120035527728712,real
N350,N255,0.260081379718332,real
N351,N352,0.0981913216489336,real
N352,N254,0.4825243199491827,real
N254,N353,0.1667622702278876,real
N353,N354,0.3941472431796577,real
N354,N355,0.1397612600107043,real
N355,N269,0.1680828942043409,real
N355,N263,0.326979592142747,real
N353,N257,0.1766950931647932,real
N356,N357,0.1066121145058326,real
N357,N273,0.5697956648401112,real
N357,N266,0.3342842049201937,real
N259,N1538,0.427415095287834,real
N281,N283,0.7650219449967977,real
N272,N358,0.1572357817037102,real
N358,N281,0.9043020209217024,real
N358,N279,0.2173005092754749,real
N359,N360,0.3038753838361326,real
N360,N284,0.4459522131697129,real
N366,N1541,0.9774110987443936,real
N367,N1542,0.6076166413105072,real
N368,N1543,0.720864363097877,real
N369,N1544,0.3891452283885453,real
N372,N1547,0.9225529051856706,real
N373,N1548,0.6359900946314796,real
N374,N1549,0.8505876526167497,real
N375,N1550,0.8727449865781561,real
N377,N1552,0.644930574538245,real
N378,N379,0.3813703084001563,real
N379,N1553,0.786981032147392,real
N138,N380,0.2616428578682567,real
N380,N1554,0.552369601521789,real
N381,N382,0.5516067273122025,real
N382,N1555,0.1154733960587609,real
N383,N384,0.6273360579128614,real
N384,N1556,2.5686873809363218,real
N344,N387,1.4326814700711428,real
N387,N346,0.5315715696610764,real
N137,N388,0.2174285915666034,real
N388,N306,0.4998418146242477,real
N389,N390,1.3517852311415686,real
N390,N1558,1.0065140273036477,real
N360,N391,0.8524907753067331,real
N391,N1559,0.3854209300229,real
N194,N392,0.1367826659463744,real
N392,N203,0.8348046077982434,real
N393,N394,0.0993112932755456,real
N394,N1560,0.1885924296249007,real
N395,N396,0.500184856898923,real
N396,N1561,0.2873577846970124,real
N397,N398,0.5746336561620781,real
N398,N1562,0.3353922082166293,real
N399,N400,1.2679606472174128,real
N400,N1563,21.527544746503217,real
N401,N402,1.2513054594097317,real
N402,N1564,10.564767614047998,real
N403,N404,0.5734616012782349,real
N404,N289,0.992744544905457,real
N405,N406,0.697703486421769,real
N406,N104,1.809161393552295,real
N148,N407,0.2791091672566854,real
N407,N1565,0.965635112882733,real
N310,N408,0.2709816238644544,real
N408,N1566,0.607335932614618,real
N178,N409,0.2723077592272932,real
N409,N1567,0.8786631824361398,real
N198,N410,0.0942778551166811,real
N410,N199,0.2777596328506547,real
N316,N411,0.2515590271564605,real
N411,N1568,0.7473350143128632,real
N352,N412,0.4518704309560674,real
N412,N1569,0.894455673805624,real
N139,N413,0.2899788196645078,real
N413,N306,0.4527636231900659,real
N186,N414,0.2365238389872681,real
N414,N1570,0.4520886720526493,real
N415,N416,0.8482103629573317,real
N416,N1571,0.3769841296364559,real
N223,N417,0.5905399790088242,real
N417,N333,0.2852590436594032,real
N403,N418,0.6316256773030817,real
N418,N1572,1.958289566409719,real
N281,N419,0.1766486703597294,real
N419,N1573,0.6350685470339149,real
N297,N420,0.3532644590184882,real
N420,N1574,0.7159517853607189,real
N107,N421,0.2304072545944625,real
N421,N1575,0.4897419392950021,real
N313,N422,0.1558642742987518,real
N422,N1576,0.3118242247821934,real
N424,N425,0.3055671949572992,real
N425,N1578,0.6068512334716896,real
N426,N427,0.1680822342210471,real
N427,N1579,0.3901018253740068,real
N428,N429,0.1704715299698869,real
N429,N1580,0.3843290058426517,real
N430,N431,0.1752511866017722,real
N431,N1581,0.2804602284525556,real
N432,N433,0.206358391439806,real
N433,N1582,0.2515254407001179,real
N434,N435,0.194006830453652,real
N435,N1583,0.2927637450331051,real
N442,N443,0.2075826271740959,real
N443,N1587,0.4447797065784902,real
N450,N451,0.1868129564933381,real
N451,N1591,0.3432114551649456,real
N452,N453,0.2362262604638061,real
N453,N1592,0.4072467043569512,real
N454,N455,0.1597803493870157,real
N455,N1593,0.37001919129654,real
N460,N461,0.2827578843836755,real
N461,N1596,0.3875067068971423,real
N462,N463,0.2175500547130066,real
N463,N1597,0.2355760400432093,real
N464,N465,0.1703734210757259,real
N465,N1598,0.4485072253448963,real
N466,N467,0.1897603416343276,real
N467,N1599,0.397528359803926,real
N468,N469,0.1447196013012885,real
N469,N1600,0.4078130637933613,real
N470,N471,0.1975542561248028,real
N471,N1601,0.4873629245273378,real
N472,N473,0.2632863955157631,real
N473,N1602,0.4712008017535575,real
N474,N475,0.1870916218588739,real
N475,N1603,0.3701154810645032,real
N476,N477,0.1948878591498023,real
N477,N1604,0.3658982060543099,real
N478,N479,0.1412695456667114,real
N479,N1605,0.3499348826587832,real
N480,N481,0.1615940426238603,real
N481,N1606,0.3428231281309465,real
N482,N483,0.1664090928919873,real
N483,N1607,0.4690921643885104,real
N484,N485,0.1368867070816092,real
N485,N1608,0.4028970005882119,real
N486,N487,0.1368867498886293,real
N487,N1609,0.3270126331940952,real
N488,N489,0.1233580419809957,real
N489,N1610,0.4046776387060681,real
N490,N491,0.1530387627732698,real
N491,N1611,0.4272996825413421,real
N492,N493,0.1666970927088223,real
N493,N1612,0.2917408285848871,real
N494,N495,0.2957758861554343,real
N495,N1613,1.01733729527009,real
N496,N497,0.230402697584792,real
N497,N1614,0.2473040269027006,real
N498,N499,0.2344294295869727,real
N499,N1615,0.6224021886619376,real
N500,N501,0.2789952427533781,real
N501,N1616,0.3423758115048017,real
N502,N503,0.2211721609754223,real
N503,N1617,0.3527948302403617,real
N504,N505,0.1289709241601905,real
N505,N1618,0.3902241287296734,real
N506,N507,0.3771626428283767,real
N507,N1619,1.111936251301861,real
N508,N509,0.3488086259028555,real
N509,N1620,0.2778742723000586,real
N510,N511,0.2448487494527974,real
N511,N1621,0.5251843070490861,real
N512,N513,0.3571117969464185,real
N513,N1622,0.4723218303534839,real
N514,N515,0.6632078083805392,real
N515,N1623,0.3560599245971619,real
N518,N519,0.1557699906405445,real
N519,N1625,0.4328531272337816,real
N520,N521,0.2151730016575081,real
N521,N1626,0.4623415363270772,real
N522,N523,0.1977861963777679,real
N523,N1627,0.3923506922024233,real
N524,N525,0.1977827938088484,real
N525,N1628,0.4002992204569418,real
N526,N527,0.2450425294424967,real
N527,N1629,0.5594619708930949,real
N528,N529,0.6360088285559727,real
N529,N1630,0.1765044586347483,real
N530,N531,0.4621278383145884,real
N531,N1631,0.9344056475437392,real
N532,N533,0.4102937918780959,real
N533,N1632,1.168966284331288,real
N534,N535,0.3612514999235081,real
N535,N1633,0.5632777984570511,real
N536,N537,0.1470192923499753,real
N537,N1634,0.4520725381821524,real
N538,N539,0.1291047606075365,real
N539,N1635,0.3679918922098697,real
N540,N541,0.1039347037372886,real
N541,N1636,0.3596201616804962,real
N542,N543,0.566623300750392,real
N543,N1637,0.17808468212085,real
N544,N545,0.1164706706289326,real
N545,N1638,0.3720033890279072,real
N546,N547,0.1562995899786272,real
N547,N1639,0.5127004818932278,real
N548,N549,0.1459350947426105,real
N549,N1640,0.2555684268421765,real
N550,N551,0.2182828609632692,real
N551,N1641,0.746485502365024,real
N552,N553,0.1821963483523585,real
N553,N1642,0.5548656577912205,real
N554,N555,0.07988993845376,real
N555,N1643,0.3450990158890069,real
N556,N557,0.0759223113210091,real
N557,N1644,0.237965116359129,real
N558,N559,0.1147269395979301,real
N559,N1645,0.3979783136992628,real
N560,N561,0.1148180735567524,real
N561,N1646,0.4797489299747067,real
N562,N563,0.0933408076204469,real
N563,N1647,0.3451271961173716,real
N564,N565,0.1215308796911532,real
N565,N1648,0.4833512360414121,real
N566,N567,0.0734397205235283,real
N567,N1649,0.236093691554672,real
N568,N569,0.182034317300362,real
N569,N1650,0.5022404345235951,real
N570,N571,0.1381015638198985,real
N571,N1651,0.4853821218971744,real
N572,N573,0.0706011269405521,real
N573,N1652,0.1064621427993608,real
N574,N575,0.0959491730583191,real
N575,N1653,0.2686752934610709,real
N576,N577,0.1147302718378664,real
N577,N1654,0.3071455192170796,real
N578,N579,0.1176721853941384,real
N579,N1655,0.281996474073185,real
N580,N581,0.146788626054902,real
N581,N1656,0.2705631001010448,real
N582,N583,0.1896343603601359,real
N583,N1657,0.3024178411204141,real
N584,N585,0.4440993000684486,real
N585,N1658,0.2049045921598161,real
N586,N587,0.2115248649939743,real
N587,N1659,0.6940078247220633,real
N588,N589,0.2593772020601359,real
N589,N1660,0.1451904727128139,real
N590,N591,0.2303288864963242,real
N591,N1661,0.9123812016006206,real
N592,N593,0.2254351135984417,real
N593,N1662,1.1609636426015548,real
N594,N595,0.252856824377664,real
N595,N1663,0.7124120876382709,real
N596,N597,0.1717746212594927,real
N597,N1664,0.4553207832243123,real
N598,N599,0.2171364656227486,real
N599,N1665,0.7953547407650328,real
N600,N601,0.1911441339965634,real
N601,N1666,0.6540661002071342,real
N602,N603,0.1387492680641035,real
N603,N1667,0.5483401263721966,real
N604,N605,0.0996626644528559,real
N605,N1668,0.3265275223360046,real
N606,N607,0.1617674472676887,real
N607,N1669,0.5028219214941162,real
N608,N609,0.1233416576710497,real
N609,N1670,0.3831409363970149,real
N610,N611,0.0608297859857052,real
N611,N1671,0.3481834657363881,real
N612,N613,0.068329414632853,real
N613,N1672,0.4899152799503966,real
N614,N615,0.0845091724779592,real
N615,N1673,0.4799787355017594,real
N616,N617,0.0996649420058193,real
N617,N1674,0.4022977773756555,real
N618,N619,0.1777552072145262,real
N619,N1675,0.591423815187142,real
N620,N621,0.1420117596758872,real
N621,N1676,0.4779105609492062,real
N622,N623,0.1289616893662549,real
N623,N1677,0.4432191058980807,real
N624,N625,0.0998966279023494,real
N625,N1678,0.4142222672207087,real
N626,N627,0.1469366839310799,real
N627,N1679,0.4259389353437435,real
N628,N629,0.1269435495501393,real
N629,N1680,0.4483222261475354,real
N630,N631,0.1177052154378771,real
N631,N1681,0.442636560407319,real
N632,N1682,2.729054518204507,real
N633,N1120,1.4716983527765235,real
N634,N1120,0.0151966957532834,real
N634,N894,0.3056612098113618,real
N635,N1683,2.32247632896787,real
N636,N637,0.5078355323549067,real
N637,N1684,0.5643347630359865,real
N638,N649,0.5067329211775295,real
N639,N1685,1.77696079286503,real
N639,N1686,1.052679009081495,real
N640,N641,0.0103600183646737,real
N641,N882,0.0111194926642146,real
N641,N644,0.015197801507346,real
N642,N640,0.9430245757096216,real
N643,N639,0.6609202289487749,real
N644,N646,0.3655204661371407,real
N645,N651,0.1677932875368534,real
N646,N1687,1.0346908120121774,real
N647,N881,0.0616135180224598,real
N648,N882,0.9067256484428942,real
N648,N646,0.5983704602896257,real
N649,N664,1.57611897682407,real
N650,N647,0.2700664122611353,real
N651,N658,0.5568028100469059,real
N652,N653,0.0103607301831876,real
N653,N652,0.0103607301831876,real
N652,N652,0.0,real
N654,N885,0.5803123636654016,real
N655,N648,0.4015066257522598,real
N653,N657,0.9893468599854548,real
N656,N648,0.5839666166873277,real
N657,N656,0.1764841945257419,real
N656,N655,0.3835107263463711,real
N658,N1688,0.9101883689032648,real
N659,N656,0.1895949973198093,real
N660,N666,0.9741764198476156,real
N661,N886,0.1111949266442688,real
N662,N1092,0.2481145005570909,real
N663,N659,0.2443462215971474,real
N664,N697,0.671353108660894,real
N665,N669,1.8036907032707472,real
N666,N1689,0.5112409090668277,real
N667,N686,1.583528660837795,real
N668,N661,0.9727651876185672,real
N668,N655,0.3453265538222937,real
N669,N689,0.2750631157621562,real
N670,N663,0.868031029691056,real
N652,N670,0.5346399498136011,real
N671,N663,0.2309153045292569,real
N672,N670,0.1691002333714772,real
N673,N672,0.0893495456056017,real
N674,N683,0.1248302772678666,real
N675,N678,0.6321279182846492,real
N675,N661,0.355974582069527,real
N676,N675,0.0103611528945531,real
N677,N674,0.2696198222639054,real
N678,N677,0.8404317286786298,real
N679,N674,0.0850801942801001,real
N669,N681,0.3881719875164972,real
N680,N673,0.1451204069671411,real
N681,N680,0.1616567061652161,real
N682,N676,0.104791601770011,real
N683,N685,0.5298593721654667,real
N684,N686,0.3334366996075947,real
N670,N909,0.2355690855783746,real
N685,N1690,1.4609772883582166,real
N686,N704,0.0778364486509174,real
N687,N923,0.5392420233675347,real
N687,N951,0.6942019633114527,real
N688,N1691,0.5144261547658918,real
N689,N702,0.5497923190854559,real
N690,N878,0.1488446984981742,real
N691,N668,0.5353423269291716,real
N692,N682,0.2481148347463639,real
N693,N1692,1.1343706776370712,real
N694,N1693,0.3842549471715413,real
N695,N925,0.1145156337515736,real
N696,N691,0.5136392507597997,real
N697,N700,0.7472624405991868,real
N698,N668,1.0622770536621151,real
N699,N687,0.4671078659734131,real
N699,N951,0.4096821523047124,real
N700,N707,0.2213636473178947,real
N701,N680,0.5788201826170173,real
N702,N701,0.2448481710030233,real
N703,N1694,0.6018816039108112,real
N704,N904,0.3630582994024758,real
N705,N701,0.2649361422238803,real
N705,N1695,0.1418529622935599,real
N701,N1088,0.0895573550567229,real
N706,N1165,0.3920041759810552,real
N707,N716,0.3148504663600961,real
N708,N705,0.2818955078679272,real
N709,N902,0.2021002695836562,real
N710,N709,0.0330140321897777,real
N711,N710,0.1868418736592191,real
N712,N705,0.4902875723033943,real
N712,N907,0.2084248796115752,real
N713,N712,0.3405904601738536,real
N714,N715,0.4778114770823852,real
N715,N719,0.033014529437729,real
N716,N718,0.894511130975764,real
N717,N713,0.2974061725472829,real
N718,N714,0.7163507738763756,real
N719,N724,0.2977052506388797,real
N720,N721,0.0939181423203891,real
N721,N722,0.2178849162863007,real
N722,N723,0.1868464282522126,real
N723,N726,0.1554294415465537,real
N724,N725,0.166810101407567,real
N725,N734,0.0103619909320078,real
N726,N755,0.3892520138226938,real
N725,N743,0.1362076860101101,real
N727,N743,0.183154328150225,real
N728,N911,0.2954165123661928,real
N729,N728,0.1365304643412263,real
N730,N729,0.0414483579803466,real
N731,N723,0.2245519815749701,real
N732,N927,0.7872067100369087,real
N732,N733,0.1042161850751464,real
N733,N914,0.207540655230769,real
N734,N742,0.250561517797569,real
N735,N738,0.1716564554323384,real
N736,N742,0.4580984598892477,real
N737,N736,0.1243458342505208,real
N738,N737,0.2290493840935329,real
N727,N745,0.4164240594523749,real
N739,N732,0.2122843972957344,real
N740,N718,0.7087327344140604,real
N741,N740,0.0111194926645683,real
N742,N751,0.1884625443252577,real
N743,N749,0.4190727856716189,real
N735,N756,0.3224652872689456,real
N744,N1696,0.4144942797246266,real
N745,N740,0.6839964263871995,real
N746,N918,0.2507241436784885,real
N747,N746,0.075869826107457,real
N748,N1697,0.8566595983170491,real
N749,N752,0.5416641738548277,real
N750,N931,0.0103625470302123,real
N736,N753,0.5782136185515421,real
N751,N753,0.594040478530234,real
N752,N753,0.4505544214125052,real
N753,N757,0.0616225483184751,real
N754,N747,0.4578065945583822,real
N755,N754,0.9982758331106564,real
N756,N759,0.5636077188024389,real
N757,N759,0.2293397841325687,real
N758,N750,0.4487906953213769,real
N759,N1698,0.1477614414433365,real
N760,N1699,0.5613507545915798,real
N761,N760,0.7617765920981191,real
N762,N763,1.1567253880785584,real
N763,N763,0.0,real
N764,N930,0.2714902851456877,real
N765,N1700,0.7454564981317275,real
N763,N1701,0.509692478906433,real
N766,N916,0.0349310414174117,real
N767,N758,0.7924811984578864,real
N767,N766,0.1131100079789069,real
N768,N767,0.0805486181783161,real
N754,N772,0.647132109562256,real
N769,N775,0.5610308554126031,real
N770,N773,0.732671747662762,real
N771,N774,0.5097335073340872,real
N772,N774,0.069862168417744,real
N773,N1702,0.0245349791975792,real
N774,N778,0.2806852254325975,real
N775,N778,0.0834099771671266,real
N776,N943,0.0889559413158395,real
N777,N773,0.2612589461924109,real
N778,N780,0.2655723965525232,real
N779,N768,0.3030744803619866,real
N780,N781,0.1570307607369838,real
N781,N777,0.8995867741142839,real
N780,N782,0.0764496507418367,real
N774,N783,0.3140931787224,real
N782,N783,0.0913975845885233,real
N783,N920,0.0111194926645683,real
N768,N1703,1.13726319365057,real
N784,N771,0.6310187250942296,real
N785,N784,0.1146758664376806,real
N786,N779,0.9266548817055602,real
N787,N779,0.3893201988758563,real
N787,N1046,0.4985629026027852,real
N784,N789,0.1064180900108133,real
N788,N1704,0.3571794397244558,real
N789,N790,0.1288903221400952,real
N785,N801,0.2988721757356948,real
N790,N793,0.0834121167323235,real
N791,N958,0.7284274326680381,real
N792,N786,0.4141107389395655,real
N793,N792,0.0764514014312663,real
N794,N960,2.058820019963407,real
N795,N1040,0.2903955057906618,real
N795,N1705,0.3705839089269916,real
N792,N797,0.1288911008758494,real
N796,N799,1.1464277338213575,real
N797,N803,0.348791751107871,real
N798,N933,0.5050438598790344,real
N798,N1706,0.4114212285851388,real
N799,N805,0.2432054139785181,real
N800,N798,0.6467839422800173,real
N801,N804,0.7581763078225203,real
N802,N787,0.9272178617969418,real
N803,N802,0.2660514166533986,real
N804,N806,0.0304008397684384,real
N805,N806,0.1911317640426298,real
N806,N1707,1.2198874115615308,real
N807,N809,0.0235220958907571,real
N808,N945,0.843064876924186,real
N802,N810,0.4420256597386486,real
N789,N814,1.052476622336646,real
N809,N814,0.3463300179358704,real
N810,N812,0.2351104279831919,real
N811,N1708,1.3791223598673106,real
N812,N815,0.0152006236348684,real
N813,N1709,0.8715358028857095,real
N814,N813,0.4390440007265961,real
N815,N818,0.2580644127204292,real
N816,N1710,0.1365839433068708,real
N817,N819,0.2724644671359537,real
N818,N817,0.0382274336772753,real
N817,N820,0.2994884383515933,real
N819,N938,0.6391593741313142,real
N820,N936,0.2961840981740799,real
N814,N941,0.932536872992437,real
N821,N941,0.0981426495582622,real
N822,N1711,0.8229077296404508,real
N823,N1711,0.0838174532718494,real
N824,N823,0.934267399196491,real
N825,N935,2.168859153347335,real
N826,N963,0.0565554890566914,real
N827,N825,0.8925456637242727,real
N828,N827,2.2551463292848855,real
N829,N826,0.7345450792193481,real
N830,N829,0.7301631199632349,real
N831,N830,0.0333584779933514,real
N832,N831,0.7675250887196893,real
N833,N821,4.199444393749019,real
N834,N832,0.4135058350860223,real
N835,N834,0.7234359258192707,real
N836,N807,7.75136792334763,real
N837,N981,0.2811779875462788,real
N838,N837,0.4266805857629898,real
N839,N843,0.0304077049982077,real
N840,N838,0.6513107448117262,real
N841,N983,0.4860796473617484,real
N841,N841,0.0,real
N842,N841,0.0736124584420469,real
N843,N847,0.4998672297325552,real
N844,N842,0.771948214240103,real
N845,N979,0.3740536917796542,real
N846,N842,1.1662467071560618,real
N845,N850,0.7827948481930236,real
N847,N849,0.8982202751483103,real
N848,N846,0.7201667764426498,real
N849,N848,0.3198367883615116,real
N848,N851,0.2113398303654436,real
N850,N851,0.9581141069854084,real
N851,N852,0.1853135242526531,real
N852,N853,0.6015709031913359,real
N853,N858,1.0011046563092885,real
N854,N845,1.1376633298197218,real
N855,N976,0.7272723686619191,real
N856,N854,0.1879850723957739,real
N857,N856,0.1042973095836218,real
N858,N857,0.1458278835265791,real
N859,N855,1.0896968118518948,real
N860,N859,0.4939102750312002,real
N861,N860,0.6664481336338939,real
N862,N860,0.3619777621964628,real
N863,N868,0.6067515290893851,real
N864,N1712,4.592116230769133,real
N865,N862,0.8570381144423088,real
N866,N864,0.5218538903152514,real
N867,N866,0.0991217630311634,real
N868,N869,0.7645324497177924,real
N869,N871,0.0444779706582734,real
N870,N1712,4.3784507458951065,real
N871,N82,1.2851135274742354,real
N872,N965,2.9983261865974775,real
N873,N872,2.145355657376258,real
N874,N873,1.744875496325862,real
N875,N874,0.0392845933191539,real
N876,N875,2.392898398362563,real
N877,N876,0.1085744798573894,real
N878,N879,0.2208407214785925,real
N879,N1713,0.2552409611397784,real
N691,N880,0.2282206710989865,real
N880,N690,0.1467535355801197,real
N881,N639,0.6886294547387181,real
N882,N883,0.4852482466158844,real
N883,N647,0.3714382493230749,real
N883,N643,0.1929284454617228,real
N884,N1714,0.5969540209273358,real
N885,N1013,1.4320812415234134,real
N886,N887,0.2175288821100961,real
N887,N650,0.2576301517621005,real
N678,N884,0.9851300808594264,real
N674,N1013,0.9067365480815964,real
N655,N887,1.0008290187097642,real
N640,N1099,0.3595743914838122,real
N888,N642,0.2627917953312445,real
N889,N888,0.3007523378905139,real
N890,N888,0.6482792025220088,real
N891,N892,0.4263052507221581,real
N892,N890,0.4692009145749444,real
N638,N893,1.0784869219643811,real
N893,N891,0.5120896390826286,real
N894,N895,0.5760881763434803,real
N895,N1715,0.1273845071826651,real
N896,N897,1.0615789180888169,real
N897,N636,0.3887205626664838,real
N898,N1072,1.5924294361650078,real
N899,N889,0.3831390586355314,real
N900,N1716,0.0939079455756359,real
N657,N1717,0.0593334944501931,real
N663,N1717,0.280736584143382,real
N698,N901,0.2346336660158608,real
N901,N696,0.1161248486900786,real
N902,N903,0.5318038313339598,real
N903,N698,0.126813390667786,real
N689,N684,0.5640019570738645,real
N904,N905,0.2944121871156545,real
N905,N724,0.5547722608712361,real
N905,N708,0.4024182302683153,real
N755,N906,0.1503231479579611,real
N906,N735,0.1362086114988352,real
N907,N908,0.1894708943657889,real
N908,N711,0.1161281941184674,real
N680,N908,0.8562009351632753,real
N909,N910,0.5675369287277136,real
N910,N902,0.1262025487102282,real
N910,N671,0.983725100108782,real
N911,N912,0.128741240031072,real
N912,N720,0.326571274438638,real
N913,N730,0.1059805497677637,real
N914,N915,0.1570146680589305,real
N915,N913,0.042914045863946,real
N916,N917,0.8234295144015538,real
N917,N739,0.1671139696286069,real
N918,N919,0.1517387101102408,real
N919,N744,0.6129956473102482,real
N771,N1701,0.2848561225651774,real
N920,N921,0.136800304720973,real
N921,N785,0.1467105315027259,real
N759,N922,0.1614346667441052,real
N922,N769,0.2729456875285689,real
N922,N754,0.7616859764125101,real
N740,N1718,1.420598291754116,real
N923,N924,0.5013967164463314,real
N924,N695,0.3006837036497388,real
N925,N926,0.1365208001011783,real
N926,N700,0.1917345680635473,real
N927,N928,0.260943012931137,real
N928,N692,0.3168508464485031,real
N929,N732,1.267979492537724,real
N930,N1719,0.867576967258943,real
N931,N932,0.3342877312852975,real
N932,N984,0.400073033068838,real
N758,N764,0.30224320689911,real
N933,N934,0.6214874409353427,real
N934,N795,0.1673034210807564,real
N935,N934,0.8734906288788524,real
N936,N937,0.4669331364333511,real
N937,N828,0.2323166987028649,real
N938,N937,0.2356462242187589,real
N939,N1720,1.175562387799478,real
N940,N994,0.4214475799780509,real
N941,N942,0.470364706021432,real
N942,N813,0.3945900975642722,real
N806,N1721,0.6359848396771609,real
N943,N944,0.6790011948570998,real
N944,N1722,0.8559066650975301,real
N945,N944,1.3651752702908082,real
N760,N946,0.4781381845714879,real
N946,N741,0.322754444901671,real
N947,N948,1.0886071129094217,real
N948,N760,0.226219881864526,real
N948,N776,0.5566360207971331,real
N949,N950,0.3111341320209122,real
N950,N699,0.289052021262423,real
N951,N952,0.2994274244618815,real
N952,N1723,0.1738217012438873,real
N953,N954,0.1320700425155491,real
N954,N949,0.2116635938529912,real
N954,N794,0.934249626501186,real
N955,N791,0.9901230241447564,real
N949,N956,1.017987007635505,real
N956,N955,0.113109796501918,real
N955,N957,0.972892983513918,real
N957,N961,1.9962803357470655,real
N958,N959,0.2107901640205692,real
N959,N822,0.9939021132471644,real
N960,N959,0.8909505999740039,real
N961,N962,1.9326969595025687,real
N962,N1711,2.094416522192403,real
N963,N964,0.1680758078489384,real
N964,N824,0.1570471850789615,real
N965,N966,3.5067906032971443,real
N966,N967,0.1538492751145686,real
N966,N836,2.7949362090163645,real
N967,N968,0.7106400843934568,real
N968,N969,0.9068539320839052,real
N969,N835,0.4688564280607522,real
N970,N1724,3.3206512236754007,real
N971,N970,1.752273166983,real
N852,N972,0.237360238387019,real
N972,N971,1.225389987918886,real
N972,N973,0.9076582453343528,real
N973,N863,0.1998457615143171,real
N974,N971,1.8818226617181475,real
N973,N974,0.3206466383198767,real
N854,N975,0.0311108090892876,real
N975,N976,0.0858912181341853,real
N976,N861,0.6571104589575716,real
N869,N977,0.2938118433538655,real
N977,N865,0.1702790670043706,real
N867,N978,0.3636661902622317,real
N978,N871,0.6117207127583127,real
N979,N1725,1.1053291632447904,real
N827,N980,3.83691129153436,real
N980,N837,0.1592853921452851,real
N981,N982,0.2123302426206873,real
N982,N839,0.6806499308143044,real
N983,N982,0.7945866690568795,real
N984,N985,1.2019188876227274,real
N985,N929,1.190512862897194,real
N985,N679,1.134144440388761,real
N951,N1726,0.7094797379437867,real
N986,N1727,0.4586325629392604,real
N987,N1728,0.2992882305057892,real
N988,N989,1.1729940329818975,real
N989,N1729,0.4678424552890453,real
N990,N1730,0.9322288839101625,real
N991,N1731,5.038163481246944,real
N992,N993,0.1666417987150759,real
N993,N1732,0.9781119015553242,real
N790,N1009,0.3719461082778628,real
N994,N995,0.2686731081045837,real
N995,N818,0.2750988848392585,real
N907,N996,0.3736336307857941,real
N996,N738,0.3316320077037225,real
N715,N1733,0.1477580609301352,real
N719,N997,0.1778556543529337,real
N997,N727,0.023518611403433,real
N998,N1161,0.4491027697390934,real
N881,N999,0.777528985781168,real
N999,N1734,0.3708628583512213,real
N707,N1000,0.2805031551472661,real
N1000,N1735,0.6502353018927288,real
N707,N1001,0.3352553924803438,real
N1001,N1736,0.9895367076854634,real
N1002,N1003,0.4409168056820855,real
N1003,N990,0.3088298241930212,real
N890,N1004,0.4477859479179561,real
N1004,N653,0.8491362388008069,real
N739,N1005,0.658502925857963,real
N1005,N931,0.437766773206898,real
N892,N1006,0.7567640023107446,real
N1006,N1716,0.778984817699008,real
N1007,N1008,0.5050161208664076,real
N1008,N1737,1.8221477767897407,real
N1009,N1010,0.2585127064779116,real
N1010,N1738,1.9644973423467595,real
N878,N1023,0.4135035401791282,real
N1011,N879,0.4821628671335364,real
N916,N1012,0.5388700104259712,real
N1012,N763,0.3569793631592574,real
N1013,N1014,0.3991441453411238,real
N1014,N884,0.2254985395452849,real
N1015,N1014,0.1901636730195312,real
N1014,N1739,0.2025498870536459,real
N946,N1016,0.385473303988438,real
N1016,N1740,1.8369847098060197,real
N847,N1017,0.9857963797565328,real
N1017,N1741,1.5435208796294215,real
N1018,N1019,1.000968939780648,real
N1019,N1742,1.2565663039432295,real
N1020,N1021,0.6296383514124105,real
N1021,N1743,0.8845315166370581,real
N692,N1022,0.4836081264748699,real
N1022,N914,0.7177319091336359,real
N1023,N1024,0.1338356149940584,real
N1024,N913,0.7143580856060681,real
N915,N1025,0.7119492133374211,real
N1025,N1011,0.1826757873045679,real
N1026,N1027,1.6230561469551523,real
N1027,N1744,2.0417448932633966,real
N1028,N1029,1.3694212654657427,real
N1029,N1745,1.4033819492549595,real
N1030,N1031,0.4271371328375047,real
N1031,N1746,0.5082751704023833,real
N928,N1032,0.2350762737635034,real
N1032,N678,0.387435907975469,real
N1033,N1747,0.6846938575104046,real
N1034,N1748,0.9029767241419994,real
N690,N1035,0.4477867671329689,real
N1035,N730,0.76319235275511,real
N838,N1036,0.5432750851387472,real
N1036,N1749,0.5805835269669555,real
N1037,N1750,0.4872150585701974,real
N1038,N1039,0.5502604813233298,real
N1039,N1037,0.1042306676638197,real
N1040,N1041,1.0809086396170586,real
N1041,N1751,0.7593980726214768,real
N969,N1042,0.7899314310745545,real
N1042,N1752,0.3325231604074917,real
N981,N1043,0.7563451209998109,real
N1043,N843,0.4918130608140493,real
N711,N1044,0.4177660177136103,real
N1044,N735,0.2453455411966038,real
N906,N1045,0.2892924435236095,real
N1045,N709,0.3196829297436127,real
N1046,N1047,0.0529968283980778,real
N1047,N1753,0.6458874730627927,real
N1048,N1049,2.2557389345221535,real
N1049,N1754,1.316548650822407,real
N1050,N1051,1.6085908735786043,real
N1051,N1755,0.6838063126480451,real
N1052,N1053,0.5705642813768991,real
N1053,N1756,0.1884292736533326,real
N1054,N1055,1.6398187099731412,real
N1055,N1757,0.6358933488805821,real
N1056,N1057,1.3176288421821118,real
N1057,N1758,1.8139896649659424,real
N1058,N1059,0.8661979166737624,real
N1059,N1759,1.6177468071150287,real
N1060,N1061,0.4462881635045145,real
N1061,N1760,0.458835808282555,real
N1062,N1761,0.4400058372192101,real
N1063,N1762,0.1236111275727257,real
N1064,N1065,0.2576311202079556,real
N1065,N1763,0.3189552704115223,real
N1066,N1067,0.4758576860699915,real
N1067,N1764,0.1866247392587356,real
N1068,N1069,0.3577626876183865,real
N1069,N1765,0.3196795504508677,real
N1070,N1071,0.8832729257539293,real
N1071,N1766,0.8864845511189182,real
N1072,N1073,0.1959990003557116,real
N1073,N1767,1.7752262416793496,real
N1074,N1075,0.179114728038343,real
N1075,N1768,0.5933385611207046,real
N1076,N1077,0.3058164501059949,real
N1077,N1769,0.2503895179408276,real
N1078,N1079,0.2787586452415138,real
N1079,N1770,0.434155080486397,real
N1080,N1081,0.2890552633520341,real
N1081,N1771,0.183153614364044,real
N1082,N1083,0.2524070064894114,real
N1083,N1772,0.3206210452072514,real
N1084,N1085,0.1327668424039884,real
N1085,N987,0.3334475249488917,real
N1086,N1087,0.363342364769142,real
N1087,N1773,0.352460988212474,real
N1088,N1089,0.0151988197976682,real
N1089,N907,0.3970372508908504,real
N1090,N1774,0.2290453761379751,real
N1091,N1775,0.278736679295657,real
N1092,N1093,0.3893928659513664,real
N1093,N695,0.328403154328846,real
N831,N1094,0.4081008853966686,real
N1094,N834,1.2161073137691096,real
N950,N1095,0.3184645285300837,real
N1095,N952,0.2378252551180932,real
N959,N1096,0.8095842504515939,real
N1096,N961,0.8893559015618538,real
N849,N1097,1.0011785969567415,real
N1097,N844,0.0152041942439065,real
N919,N1098,0.355715615306963,real
N1098,N912,0.2980671747305116,real
N1099,N1100,0.5918248981246905,real
N1100,N1072,0.6820351125039319,real
N893,N1101,0.5349257525218741,real
N1101,N1776,0.6431697973699495,real
N662,N1102,0.88748692122811,real
N1102,N923,0.364765279246337,real
N925,N1103,0.2970078248434498,real
N1103,N1777,0.357788701750653,real
N824,N1104,0.839149510137586,real
N1104,N1778,0.4992297463991099,real
N968,N1105,0.4588441670554423,real
N1105,N1779,0.5323756934851797,real
N1106,N1107,0.2924990884382401,real
N1107,N1780,0.5916061437495554,real
N940,N1108,0.8372552725957699,real
N1108,N942,0.3944747238681519,real
N1109,N1110,0.918836889987924,real
N1110,N1781,0.5377003925309004,real
N839,N1111,0.4918843874806717,real
N1111,N841,0.665101388973024,real
N863,N1112,0.3291784148240877,real
N1112,N858,0.5242650188864392,real
N974,N1113,0.6374615956959664,real
N1113,N978,0.5006976644127719,real
N980,N1114,0.6784111171006122,real
N1114,N1782,0.6049566539942334,real
N921,N1115,0.4869981179214689,real
N1115,N805,0.6009930378755932,real
N964,N1116,0.7348386015660335,real
N1116,N1783,0.3949555782781743,real
N957,N1117,1.0957494315495335,real
N1117,N791,0.4510011745430814,real
N723,N1118,0.3736336071587184,real
N1118,N903,0.4008377872478426,real
N911,N1119,0.3176048222875761,real
N1119,N1784,0.4560169347916546,real
N1120,N1121,0.2356074234718388,real
N1121,N1785,0.2441892379279055,real
N975,N1122,0.2481207831195502,real
N1122,N1786,0.5218905726105877,real
N924,N1123,0.3440449576783327,real
N1123,N1787,0.6382818615204979,real
N1124,N1125,0.3970126906915827,real
N1125,N1788,0.257716233522971,real
N722,N1126,0.5008061296861711,real
N1126,N901,0.3582294397803128,real
N728,N1127,0.5304781303476329,real
N1127,N880,0.6580924965911881,real
N1128,N1129,0.893110564166576,real
N1129,N1789,1.12837389819212,real
N932,N1130,0.1960033675319812,real
N1130,N929,0.4616334180601015,real
N747,N1131,0.5103127535926753,real
N1131,N721,0.4782992906909192,real
N926,N1132,0.5242569097042687,real
N1132,N1790,0.3769199869727346,real
N1133,N1134,1.1912380731657453,real
N1134,N1791,0.6298379616153518,real
N829,N1135,0.9620712963305368,real
N1135,N1792,0.7195729440130902,real
N1136,N1137,1.0330419533909156,real
N1137,N1793,1.271833177492478,real
N1138,N1139,0.2893370439494521,real
N1139,N1794,0.582140248062893,real
N1140,N1141,1.9234055217559771,real
N1141,N1795,0.8268661950410984,real
N1142,N1143,0.4002230532159029,real
N1143,N1796,0.3672951783079871,real
N1144,N1145,0.463167894238504,real
N1145,N1797,0.3934677438237607,real
N1146,N1147,0.4247750016051042,real
N1147,N1798,0.5649377969427472,real
N773,N1148,0.2592116483266164,real
N1148,N947,0.2959574808257835,real
N1149,N1150,0.2507358370530944,real
N1150,N1799,0.2694379322813167,real
N1151,N1152,0.2548532433909037,real
N1152,N1800,0.4138351202715495,real
N1153,N1154,0.6473118401008633,real
N1154,N1801,0.606663061677169,real
N1155,N1156,0.7168606008011135,real
N1156,N1802,0.3550722800476587,real
N1157,N1158,0.3122433731352483,real
N1158,N1803,0.2375814989532026,real
N1159,N1160,0.2442695156316791,real
N1160,N1804,0.4469073409464281,real
N1161,N1162,0.1000754339804078,real
N1162,N1805,0.756409349863297,real
N1163,N1164,0.4642093370713437,real
N1164,N1806,0.5119898929458447,real
N1165,N1166,0.4380939076480027,real
N1166,N714,0.1186683910869714,real
N1167,N1168,0.2961392977776865,real
N1168,N1807,0.2395059460716243,real
N1169,N1170,0.7507420142781379,real
N1170,N1808,0.7238458760657779,real
N1171,N1172,0.3189594802345825,real
N1172,N1809,0.4887608555261209,real
N1173,N1174,1.3236893652290014,real
N1174,N1810,0.722951718462014,real
N1175,N1176,0.2221225383679833,real
N1176,N1811,0.2806846573339077,real
N1177,N1178,0.5807447048517284,real
N1178,N1812,0.3993221847083849,real
N1179,N1180,0.1672821100950811,real
N1180,N1813,0.435354919404367,real
N1181,N1182,0.1826777673610745,real
N1182,N1814,0.3709869449619816,real
N1183,N1184,0.6400558374479199,real
N1184,N1815,0.4442734431980139,real
N1185,N1186,0.1537938601835354,real
N1186,N1816,0.1602847232884861,real
N1187,N1188,0.1823624556247666,real
N1188,N1817,0.2773551944044047,real
N1189,N1190,0.6361076828198947,real
N1190,N1818,0.5722216917641967,real
N1191,N1192,0.4828897428965406,real
N1192,N1819,0.8440684691900837,real
N1193,N1194,0.0660521599461132,real
N1194,N1820,0.1749263523620702,real
N1195,N1196,0.2631214900689562,real
N1196,N1821,0.2444859416003413,real
N1199,N1200,0.4490769278269538,real
N1200,N1823,0.532720766604983,real
N1201,N1202,0.1679058162327494,real
N1202,N1824,0.1763425082852718,real
N1203,N1204,0.1449251136776226,real
N1204,N1825,0.4860971978051382,real
N1205,N1206,0.1647932465464973,real
N1206,N1826,0.4410206003519012,real
N1207,N1208,0.145876385180616,real
N1208,N1827,0.3044114340544669,real
N1209,N1210,0.1296932683080051,real
N1210,N1828,0.452837984171861,real
N1211,N1212,0.2173118635015092,real
N1212,N1829,0.5376702345096636,real
N1213,N1214,0.1739972584830368,real
N1214,N1830,0.4119365461522841,real
N1215,N1216,0.1458788196073637,real
N1216,N1831,0.6423487151267077,real
N1217,N1218,0.155522413688578,real
N1218,N1832,0.2743818226303459,real
N1219,N1220,0.1363464256853461,real
N1220,N1833,0.3730515094181648,real
N1221,N1222,0.1177054000899945,real
N1222,N1834,0.3531143537048668,real
N1223,N1224,0.0935353504787161,real
N1224,N1835,0.1739868554018941,real
N1225,N1226,0.0830003084379584,real
N1226,N1836,0.3632964354574944,real
N1227,N1228,0.0845118514229415,real
N1228,N1837,0.3831791557701587,real
N1229,N1230,0.1948659591000908,real
N1230,N1838,0.2600415682818075,real
N1231,N1232,0.1593476558028932,real
N1232,N1839,0.8234860670684744,real
N1233,N1234,0.1976183489262256,real
N1234,N1840,0.3270921981985467,real
N1235,N1236,0.1367192014473071,real
N1236,N1841,0.3359969748503246,real
N1237,N1238,0.1328702721201697,real
N1238,N1842,0.3571837805753638,real
N1239,N1240,0.1911747631838251,real
N1240,N1843,0.5560715346632809,real
N1241,N1242,0.2049978228212128,real
N1242,N1844,0.5991502739955337,real
N1243,N1244,0.178998788748074,real
N1244,N1845,0.7475337184812995,real
N1245,N1246,0.1619419852641092,real
N1246,N1846,0.2579202263179263,real
N1247,N1248,0.1367736913942902,real
N1248,N1847,0.1949541721200634,real
N1249,N1848,0.7003318374100429,real
N1250,N1251,0.2912591617080245,real
N1251,N1849,0.5136227266183567,real
N1252,N1253,0.2432087578534872,real
N1253,N1850,0.4552870744270702,real
N1254,N1255,0.2081702366637404,real
N1255,N1851,0.6551748675720412,real
N1256,N1257,0.2512803870935788,real
N1257,N1852,0.3866883267247405,real
N1258,N1259,0.3172223862550593,real
N1259,N1853,0.4377749969710944,real
N1260,N1261,0.3716922147122956,real
N1261,N1854,0.5489576548336451,real
N1262,N1263,0.2350302274553207,real
N1263,N1855,0.8112049245505892,real
N1264,N1265,0.2735703908404355,real
N1265,N1856,0.4050487962326763,real
N1266,N1267,0.3329714177409665,real
N1267,N1857,0.6659423916679524,real
N1268,N1269,0.3029288098892341,real
N1269,N1858,0.5763058679727577,real
N1270,N1271,0.2907093550688849,real
N1271,N1859,0.4411374267062454,real
N1272,N1273,0.0830641504702821,real
N1273,N1860,0.2915736781308165,real
N1274,N1275,0.2354880434378023,real
N1275,N1861,0.8620659318125802,real
N1276,N1277,0.118983850664906,real
N1277,N1862,0.3490698545439862,real
N1278,N1279,0.2085565952051946,real
N1279,N1863,0.3809443446143688,real
N1280,N1281,0.1129189130303551,real
N1281,N1864,0.431302800946809,real
N1282,N1283,0.1718816086360353,real
N1283,N1865,0.2997791682273381,real
N1284,N1285,0.2211598803409807,real
N1285,N1866,0.7730895062045979,real
N1286,N1287,0.2211611772532664,real
N1287,N1867,0.7479816528303838,real
N1288,N1289,0.1790118960944404,real
N1289,N1868,0.6042953091291303,real
N1290,N1291,0.2081818739354405,real
N1291,N1869,0.481966688354388,real
N1292,N1293,0.1505492820816173,real
N1293,N1870,0.5840141205089693,real
N1294,N1295,0.2296314380852895,real
N1295,N1249,0.0235548702254417,real
N1296,N1297,0.2912769856343142,real
N1297,N1871,0.6498280080045402,real
N1298,N1299,0.2129762750858022,real
N1299,N1872,0.6444247503757298,real
N1300,N1301,0.2881505415727493,real
N1301,N1873,0.7165135820155245,real
N1302,N1303,0.1850443845483051,real
N1303,N1874,0.685831142728009,real
N1304,N1305,0.2389859702419252,real
N1305,N1875,0.7777542474037668,real
N1306,N1307,0.1830391819281097,real
N1307,N1876,0.4050238086678931,real
N1308,N1309,0.1367430173171684,real
N1309,N1877,0.3641671972078875,real
N1310,N1311,0.1367438599985972,real
N1311,N1878,0.3044453208986477,real
N1312,N1313,0.1598337743549483,real
N1313,N1879,0.3340166885046239,real
N1314,N1315,0.136827853080493,real
N1315,N1880,0.1388053197431909,real
N1316,N1317,0.2147872842647248,real
N1317,N1881,0.311337513988719,real
N1318,N1319,0.2506524836646422,real
N1319,N1882,0.450955669441471,real
N1320,N1321,0.1908651442908031,real
N1321,N1883,0.4231304547847708,real
N1322,N1323,0.1216412733152128,real
N1323,N1884,0.4203249199175005,real
N1324,N1325,0.1994215009552039,real
N1325,N1885,0.3059533943329446,real
N1326,N1327,0.1674089315631637,real
N1327,N1886,0.3727191482001616,real
N1328,N1329,0.2453767432314099,real
N1329,N1887,0.8202108689987705,real
N1330,N1331,0.1000084272807647,real
N1331,N1888,0.2400707003024181,real
N1332,N1333,0.3120386467735123,real
N1333,N1889,2.2921963129560323,real
N1334,N1335,0.1718934491030233,real
N1335,N1890,0.297876124559523,real
N1336,N1337,0.1819632607401482,real
N1337,N1891,0.618155940575474,real
N1338,N1339,0.1853413049789712,real
N1339,N1892,0.4809519507498766,real
N1340,N1341,0.2684521732724251,real
N1341,N1893,0.1065276716280244,real
N1342,N1343,0.2898527035964316,real
N1343,N1894,0.6943607065194175,real
N1344,N1345,0.2740542884331752,real
N1345,N1895,0.6183351997930717,real
N1346,N1347,0.1666262562169377,real
N1347,N1896,0.5626452780257923,real
N1348,N1349,0.2025869281032155,real
N1349,N1897,0.1506594647717633,real
N1350,N1351,0.1749549926031814,real
N1351,N1898,0.2973733998574517,real
N1352,N1899,0.5328437426058147,real
N1353,N1354,0.211525692372801,real
N1354,N1352,0.033358477993705,real
N1355,N1356,0.1794601751417137,real
N1356,N1900,0.3047080100956161,real
N1357,N1358,0.1873664193853775,real
N1358,N1901,0.3595341295818762,real
N1359,N1360,0.2025424127341344,real
N1360,N1902,0.4941527067616294,real
N1361,N1362,0.2122086002460945,real
N1362,N1903,0.5648566226601462,real
N1363,N1364,0.3734445562292187,real
N1364,N1904,0.1594601854645893,real
N1365,N1366,0.5043554827793879,real
N1366,N1905,0.2592774351584707,real
N1367,N1368,0.1764660250525321,real
N1368,N1906,0.5343663252237317,real
N1369,N1370,0.1531681632644095,real
N1370,N1907,0.3410286581427065,real
N1371,N1372,0.2001508679601084,real
N1372,N1908,0.4592288820937629,real
N1373,N1374,0.1830712380442271,real
N1374,N1909,0.5319312129774179,real
N1375,N1376,0.1826043857525645,real
N1376,N1910,0.4732711974012925,real
N1377,N1378,0.1851919802112528,real
N1378,N1911,0.5966865339209392,real
N1379,N1380,0.2164974166240305,real
N1380,N1912,0.53565288641189,real
N1381,N1382,0.2120854981983241,real
N1382,N1913,0.5528425381093083,real
N1383,N1384,0.1791063170849182,real
N1384,N1914,0.5196680367681515,real
N1385,N1386,0.1216550684176392,real
N1386,N1915,0.6599259189611206,real
N1387,N1388,0.1914329301585856,real
N1388,N1916,0.6172368277146068,real
N1389,N1390,0.2023331447142623,real
N1390,N1917,0.5368478407483541,real
N1391,N1392,0.3319354313151989,real
N1392,N1918,0.3880431672155452,real
N1393,N1394,0.2446466256366939,real
N1394,N1919,0.5365076129978226,real
N1395,N1396,0.2680166287242339,real
N1396,N1920,0.4301862852901343,real
N1397,N1398,0.1898576533349899,real
N1398,N1921,0.508348743296146,real
N1399,N1400,0.2146190220487161,real
N1400,N1922,0.6117479211174945,real
N1401,N1402,0.5066408432713722,real
N1402,N1923,0.2078203941130913,real
N1403,N1404,0.1290598427489285,real
N1404,N1924,0.8048285793303122,real
N1405,N1406,0.1780618100662918,real
N1406,N1925,0.2517328129305243,real
N1407,N1408,0.159454080658388,real
N1408,N1926,0.4556492377733068,real
N1409,N1410,0.2680318790064383,real
N1410,N1927,0.5921789963775798,real
N1411,N1412,0.2500842182777303,real
N1412,N1928,0.8514442616156733,real
N1413,N1414,0.2080868029174161,real
N1414,N1929,0.4386438413761609,real
N1415,N1416,0.1974021887848054,real
N1416,N1930,0.3042061125984536,real
N1417,N1418,0.1593755226403207,real
N1418,N1931,0.4921794622144236,real
N1419,N1420,0.1148818926101429,real
N1420,N1932,0.2805707742744681,real
N1421,N1422,0.13728799145953,real
N1422,N1933,0.4730614753574025,real
N1423,N1424,0.1388339942680606,real
N1424,N1934,0.6148724916114189,real
N1425,N1426,0.1931216879346522,real
N1426,N1935,0.535291193095304,real
N1427,N1428,0.3141264700684457,real
N1428,N1936,1.1267143734583491,real
N1429,N1430,0.2263300300063369,real
N1430,N1937,0.3385710423405205,real
N1431,N1432,0.1389268677461979,real
N1432,N1938,0.3766361020044538,real
N1433,N1434,0.079953701190649,real
N1434,N1939,0.2493315642210115,real
N1435,N1436,0.2191665939427972,real
N1436,N1940,0.7091636409184554,real
N1437,N1438,0.2898530987205995,real
N1438,N1941,0.217271223038781,real
N1439,N1440,0.2357022678229064,real
N1440,N1942,0.7282516370084869,real
N1441,N1442,0.1792408876114716,real
N1442,N1943,0.3760747359871458,real
N1443,N1444,0.2937439439249134,real
N1444,N1564,0.8673827456115165,real
N1445,N1446,0.1249960749352135,real
N1446,N1944,0.3527513108510361,real
N1447,N1448,0.1899433731165355,real
N1448,N1945,0.4551185339083871,real
N1449,N1450,0.1679971992495668,real
N1450,N1946,0.4599750932642861,real
N1451,N1452,0.0940441051182784,real
N1452,N1947,0.250016425215731,real
N1455,N1456,0.5627205464101711,real
N1456,N1949,1.5524420087792343,real
N1457,N1458,0.1986125858144059,real
N1458,N1950,0.4732340106340658,real
N1459,N1460,0.2209112278747228,real
N1460,N1951,0.3293785822752708,real
N1091,N1774,0.010361969811790248,bridged
N1063,N1761,0.010365415896120087,bridged
N177,N1411,0.010390162757749934,bridged
N1350,N1371,0.011119492664568353,bridged
N939,N940,0.011119492664568353,bridged
N149,N1252,0.011119492664568353,bridged
N309,N1435,0.011119492664568353,bridged
N766,N991,0.015199770039671004,bridged
N450,N462,0.015210399629951158,bridged
N1237,N1260,0.015211558799182122,bridged
N315,N372,0.015217662793511525,bridged
N328,N1905,0.01521930977371459,bridged
N352,N1639,0.015220619956364676,bridged
N693,N1775,0.020723756559748768,bridged
N792,N1728,0.02072716254174469,bridged
N1034,N1747,0.020728540771322208,bridged
N816,N938,0.02072879384829191,bridged
N310,N1270,0.022238985328783045,bridged
N351,N1560,0.022238985329136707,bridged
N1090,N1733,0.023518574180765382,bridged
N945,N1020,0.023521711689422048,bridged
N1033,N1710,0.02352278980091476,bridged
N97,N1669,0.02353981179620629,bridged
N622,N624,0.0235405506362298,bridged
N1225,N1445,0.023541646222422625,bridged
N303,N1847,0.023552161761886067,bridged
N323,N1326,0.023570005960515727,bridged
N220,N1459,0.023572818710205307,bridged
N894,N896,0.024533054039573128,bridged
N692,N1030,0.02453426861904653,bridged
N564,N566,0.024538099002567273,bridged
N630,N1217,0.0245398932242975,bridged
N131,N1304,0.02454190986995889,bridged
N164,N1241,0.024543221857142264,bridged
N1048,N1710,0.030401501324690015,bridged
N96,N1223,0.030414321070454584,bridged
N368,N628,0.030415493359822184,bridged
N175,N1899,0.030436029145588264,bridged
N500,N510,0.031125346055489528,bridged
N138,N1233,0.03114094390280781,bridged
N1565,N1849,0.031143301976340236,bridged
N688,N1694,0.03301293805000954,bridged
N1397,N1399,0.033092014991943836,bridged
N88,N590,0.0333584779933514,bridged
N797,N1038,0.03493126473067969,bridged
N154,N1870,0.034936561326982946,bridged
N202,N1332,0.034939441538090275,bridged
N244,N538,0.03494010677791544,bridged
N986,N1726,0.038219569317819516,bridged
N773,N1175,0.038224396212608217,bridged
N1490,N1659,0.0382502695575082,bridged
N616,N1207,0.03825197485837344,bridged
N188,N1342,0.03829102812287841,bridged
N1326,N1328,0.038292952012834336,bridged
N281,N534,0.038308930454953705,bridged
N689,N1691,0.0392707349671864,bridged
N1439,N1660,0.039283633784737405,bridged
N1677,N1679,0.039285058141223454,bridged
N244,N544,0.03930498448415471,bridged
N703,N1773,0.0429110533467746,bridged
N630,N1219,0.04296264482578029,bridged
N166,N1367,0.043014065562462137,bridged
N378,N1371,0.04302277955595669,bridged
N508,N1623,0.045623590189812976,bridged
N1156,N1803,0.045669631705390644,bridged
N282,N1561,0.045670482330695254,bridged
N350,N536,0.04567624709130089,bridged
N1086,N1693,0.04703477793751808,bridged
N698,N1683,0.047035348913265156,bridged
N373,N1274,0.04711073257105478,bridged
N554,N556,0.04907609146139781,bridged
N907,N1106,0.05298853666844402,bridged
N1109,N1171,0.052998719455276545,bridged
N937,N1801,0.0530021221859294,bridged
N494,N510,0.053053904379420376,bridged
N785,N1064,0.053208880603256965,bridged
N374,N1548,0.05326883348921586,bridged
N560,N574,0.05427938880707286,bridged
N460,N462,0.05429277003897715,bridged
N305,N1867,0.054295369545457384,bridged
N247,N548,0.05431882739419115,bridged
N798,N1171,0.05638967491735583,bridged
N568,N572,0.05655639546451694,bridged
N288,N1431,0.056557043221846584,bridged
N1674,N1678,0.056557130347735775,bridged
N626,N1215,0.056557131628831185,bridged
N368,N626,0.05655713803447586,bridged
N513,N876,0.05655725459087689,bridged
N1866,N1867,0.056558124262087776,bridged
N146,N1245,0.056558305578673834,bridged
N592,N1439,0.059342194747109965,bridged
N778,N988,0.060799569450885826,bridged
N96,N604,0.060828699337071336,bridged
N167,N1387,0.060869073540438065,bridged
N1409,N1425,0.060872889132612865,bridged
N200,N1923,0.06087583360213908,bridged
N540,N544,0.06088245156085231,bridged
N921,N1018,0.06162595012338165,bridged
N1421,N1423,0.06174334424516157,bridged
N897,N1185,0.06314006406948919,bridged
N694,N1688,0.06369649055452169,bridged
N556,N558,0.06371006818860585,bridged
N1308,N1314,0.06373196919376882,bridged
N800,N1708,0.06604072606830946,bridged
N608,N1209,0.06671695598705646,bridged
N995,N1157,0.0675172090846994,bridged
N624,N1213,0.06751874795293139,bridged
N502,N506,0.06751893569418944,bridged
N1336,N1890,0.06752132114229431,bridged
N765,N1697,0.06828447238987975,bridged
N1166,N1168,0.06934649053117552,bridged
N1383,N1387,0.06941053101195653,bridged
N734,N748,0.06986155875258339,bridged
N959,N1183,0.06986251068208477,bridged
N482,N486,0.07063707749621063,bridged
N1377,N1381,0.07069494638230692,bridged
N737,N1813,0.07338244387025597,bridged
N1799,N1811,0.07360490193348165,bridged
N616,N620,0.07361928107270452,bridged
N136,N1262,0.07362640963758385,bridged
N1254,N1258,0.07362650676881789,bridged
N1379,N1381,0.0736369804350476,bridged
N1334,N1365,0.07364078223389975,bridged
N484,N492,0.0759697313164342,bridged
N1133,N1183,0.07600139218057209,bridged
N1367,N1393,0.07608448733845605,bridged
N316,N1391,0.0760879597583449,bridged
N1738,N1769,0.07645335763203664,bridged
N1895,N1896,0.07658549908825071,bridged
N1335,N1424,0.07658634268777344,bridged
N101,N1221,0.07783644865091749,bridged
N93,N588,0.07783644865162481,bridged
N872,N1140,0.07852450470574564,bridged
N1209,N1441,0.07852471617026625,bridged
N1219,N1221,0.07852482044949052,bridged
N289,N1227,0.07857125957219543,bridged
N172,N1425,0.0786025411812507,bridged
N570,N572,0.08055251693462895,bridged
N372,N1395,0.08352677790280502,bridged
N498,N509,0.08374019815233037,bridged
N366,N1544,0.08514951333862872,bridged
N468,N474,0.08594661298286653,bridged
N1142,N1797,0.08943752040775957,bridged
N480,N492,0.08947037444369939,bridged
N608,N1431,0.08955880617386557,bridged
N258,N518,0.0913242142773022,bridged
N1662,N1675,0.09134354321129662,bridged
N628,N1217,0.0913438129339913,bridged
N110,N506,0.09134425698798142,bridged
N612,N614,0.09353682271620962,bridged
N632,N633,0.09404505101241421,bridged
N586,N594,0.09415301377489624,bridged
N1892,N1935,0.09416491124080643,bridged
N1225,N1826,0.09424397649206015,bridged
N1886,N1897,0.0942596980672561,bridged
N615,N1207,0.0959808262091349,bridged
N1347,N1933,0.09612632020848297,bridged
N289,N1445,0.09816024595026189,bridged
N1554,N1555,0.09816932313735231,bridged
N164,N374,0.09817294620948204,bridged
N193,N1904,0.09869792563826364,bridged
N148,N1843,0.09993948233873633,bridged
N1361,N1904,0.10000291352394246,bridged
N415,N1633,0.10005407967547993,bridged
N1151,N1811,0.10007543398040786,bridged
N788,N1706,0.10061061326344826,bridged
N1429,N1829,0.10061153330373333,bridged
N1278,N1280,0.10220559852440676,bridged
N395,N1630,0.10303497723721418,bridged
N1806,N1814,0.10333508952320704,bridged
N601,N603,0.10432986321284185,bridged
N454,N1449,0.10480814617830915,bridged
N367,N602,0.10644903925990026,bridged
N453,N1450,0.10647888382374478,bridged
N873,N1028,0.10648011221638053,bridged
N522,N1560,0.10863679955601495,bridged
N795,N1173,0.10887296632399442,bridged
N288,N610,0.11119492664462255,bridged
N1289,N1301,0.11167856708054366,bridged
N825,N1062,0.11269967581586116,bridged
N1355,N1901,0.11275780435123327,bridged
N241,N524,0.11312111064823295,bridged
N802,N1181,0.11372218273570078,bridged
N161,N1290,0.11473712206409264,bridged
N576,N1653,0.11481863128858315,bridged
N1036,N1473,0.11546369371084064,bridged
N598,N600,0.11785149934229887,bridged
N558,N564,0.11868037375855635,bridged
N578,N1653,0.1186810883573258,bridged
N419,N1444,0.11871839854342713,bridged
N299,N1260,0.11895507546058968,bridged
N1281,N1282,0.12159035275392398,bridged
N105,N1235,0.12270400991951463,bridged
N192,N379,0.12273295527558063,bridged
N344,N1419,0.12273523645953373,bridged
N638,N1684,0.12275233354883877,bridged
N375,N1548,0.12275429510291354,bridged
N163,N1296,0.12406445361960239,bridged
N1296,N1300,0.12621782250736138,bridged
N1307,N1314,0.1270485118659466,bridged
N660,N1716,0.12739235197390625,bridged
N651,N1191,0.12958417527937194,bridged
N470,N1451,0.12971041389365742,bridged
N383,N460,0.13003326553153535,bridged
N1373,N1375,0.13008286842729536,bridged
N578,N580,0.13279535191031314,bridged
N1346,N1901,0.13287162702293698,bridged
N567,N568,0.13383630139139976,bridged
N171,N1417,0.13383779418281175,bridged
N1359,N1933,0.13690075204274477,bridged
N442,N464,0.137255010074689,bridged
N1373,N1393,0.13727945674163988,bridged
N489,N1452,0.13876116388176166,bridged
N529,N1632,0.13923067412755244,bridged
N560,N570,0.1397333600889193,bridged
N163,N1294,0.13974734822619791,bridged
N232,N1438,0.13975997975312768,bridged
N1740,N1798,0.14186191481249047,bridged
N1008,N1010,0.14406524986885047,bridged
N1415,N1417,0.14455340463797395,bridged
N1600,N1608,0.1452805261998329,bridged
N494,N496,0.14588620492009505,bridged
N57,N64,0.14665828793914865,bridged
N716,N1002,0.14669134434751335,bridged
N169,N1403,0.14697689982283543,bridged
N945,N1804,0.14721149746907058,bridged
N1274,N1276,0.14726015987774738,bridged
N1383,N1385,0.1478773786014109,bridged
N1929,N1930,0.15064439850278893,bridged
N992,N1159,0.15187914420912504,bridged
N1610,N1618,0.15192120825574482,bridged
N1617,N1618,0.15601830407963485,bridged
N232,N1950,0.15629091984203652,bridged
N246,N520,0.15721951475172574,bridged
N1052,N1060,0.15874863301885678,bridged
N480,N486,0.15919466027694548,bridged
N167,N1389,0.15944595457540076,bridged
N1912,N1915,0.15985873218331464,bridged
N313,N432,0.16047081046489936,bridged
N424,N580,0.16110552779145554,bridged
N424,N562,0.1611056287235693,bridged
N39,N41,0.16149548578143727,bridged
N1300,N1858,0.16536027099730344,bridged
N829,N1194,0.16763772919428185,bridged
N1434,N1554,0.16766967794760967,bridged
N367,N606,0.16793261157073552,bridged
N1310,N1312,0.17181116601037033,bridged
N1256,N1291,0.17644214201286382,bridged
N161,N1298,0.17791188263132535,bridged
N338,N478,0.17821425212009637,bridged
N1593,N1945,0.17911899389086594,bridged
N1309,N1310,0.1793900183141026,bridged
N425,N582,0.1820384964676276,bridged
N587,N1664,0.18248232236912015,bridged
N377,N1337,0.18523107901932612,bridged
N400,N1487,0.18531475858122645,bridged
N1147,N1771,0.18814933790118904,bridged
N294,N1280,0.1901677160989998,bridged
N323,N1330,0.196375021590309,bridged
N1582,N1583,0.19649466559328427,bridged
N1244,N1251,0.19730139119209095,bridged
N1600,N1611,0.1983469586847262,bridged
N1338,N1405,0.19865838301096198,bridged
N311,N1319,0.20013458394590955,bridged
N1272,N1277,0.20015086796081571,bridged
N311,N1320,0.2012258828336088,bridged
N313,N430,0.20217678474874756,bridged
N265,N551,0.20255112326337277,bridged
N1372,N1893,0.20678299426929048,bridged
N1054,N1056,0.21127036062467675,bridged
N827,N1060,0.21354676580992213,bridged
N930,N1026,0.21440241591498674,bridged
N864,N1657,0.2172840570651103,bridged
N476,N482,0.2175485089047379,bridged
N91,N1211,0.21811123558874781,bridged
N240,N553,0.21853993377008862,bridged
N1920,N1921,0.2202697536062384,bridged
N542,N1569,0.22093057884585532,bridged
N1288,N1302,0.2234205930169944,bridged
N341,N466,0.22815121688824874,bridged
N1853,N1854,0.23100475213415095,bridged
N1369,N1902,0.23544896571977045,bridged
N1300,N1857,0.23845241953736776,bridged
N1112,N1190,0.2387796790708254,bridged
N42,N1461,0.23963210813791685,bridged
N512,N514,0.2401258732537935,bridged
N1125,N1188,0.24123432645249443,bridged
N429,N431,0.24168347681433902,bridged
N1323,N1324,0.24328355311848554,bridged
N1321,N1322,0.244959047662402,bridged
N1746,N1768,0.25089544434833577,bridged
N1616,N1620,0.25242482481377243,bridged
N873,N1796,0.2535184469268798,bridged
N471,N472,0.25658890107914034,bridged
N1235,N1839,0.25658899698886906,bridged
N985,N1770,0.2628343261472655,bridged
N1082,N1781,0.26286433011410976,bridged
N338,N476,0.26321825720714775,bridged
N266,N1629,0.26324309065210866,bridged
N98,N1203,0.26435723697471636,bridged
N169,N1407,0.26590738296709887,bridged
N1050,N1058,0.2676257581502809,bridged
N78,N1936,0.2732732879023995,bridged
N828,N1169,0.28471254352425146,bridged
N129,N442,0.28653961909790904,bridged
N1133,N1136,0.28906583603066477,bridged
N958,N1199,0.2898418095921769,bridged
N1265,N1267,0.29012980547001704,bridged
N62,N649,0.2903420418335746,bridged
N14,N1054,0.29322694816964573,bridged
N895,N1124,0.29347872691900034,bridged
N584,N1664,0.300702991384879,bridged
N39,N1764,0.3066036023505077,bridged
N1317,N1318,0.3128319265371831,bridged
N384,N1599,0.318724429541043,bridged
N1074,N1129,0.33437672883999786,bridged
N224,N397,0.3353944256589278,bridged
N1689,N1812,0.3453265487491277,bridged
N965,N1201,0.34899179570598776,bridged
N1685,N1765,0.366126475571879,bridged
N1229,N1231,0.3726125195892074,bridged
N1055,N1755,0.37337480559222663,bridged
N435,N1579,0.3780627505917874,bridged
N128,N452,0.3831577930742581,bridged
N1313,N1316,0.3871041415845528,bridged
N969,N1195,0.38918224325564843,bridged
N1071,N1810,0.41924676808558464,bridged
N1069,N1805,0.4488387892661296,bridged
N530,N1531,0.5492590036117047,bridged
N870,N1794,0.5519544283547051,bridged
N59,N72,0.5717097523399558,bridged
N1456,N1601,0.5857288672759678,bridged
